,distance,moving_time,start_date_local,average_heartrate,HR Zone 1,HR Zone 2,HR Zone 3,HR Zone 4,HR Zone 5,ftp
0,63539.8,8189,2023-10-17T10:00:06Z,152.1,125.0,4257.0,2782.0,1025.0,0.0,123.11604166666666
1,65466.1,8033,2023-10-15T06:22:30Z,144.8,146.0,5628.0,1349.0,910.0,0.0,122.89595833333334
2,24439.8,4925,2023-10-14T08:00:20Z,128.2,579.0,3980.0,361.0,5.0,0.0,86.03041666666667
3,8939.8,1432,2023-10-14T07:31:51Z,112.2,1078.0,337.0,17.0,0.0,0.0,56.351625
4,104175.0,13563,2023-10-13T06:24:08Z,135.2,548.0,12483.0,532.0,0.0,0.0,55.377874999999996
5,91881.9,11934,2023-10-12T06:04:30Z,148.9,169.0,6993.0,3472.0,1300.0,0.0,118.1895
6,59213.7,7518,2023-10-08T10:55:33Z,146.7,284.0,5112.0,900.0,1222.0,0.0,119.01679166666666
7,72957.6,9733,2023-10-06T06:24:23Z,145.4,348.0,5970.0,2143.0,1272.0,0.0,48.761916666666664
8,21650.8,3368,2023-10-05T08:36:27Z,115.5,1568.0,1800.0,0.0,0.0,0.0,82.851875
9,42219.4,4970,2023-10-04T09:47:29Z,148.1,140.0,2497.0,2333.0,0.0,0.0,146.25645833333334
10,55307.5,7072,2023-10-03T10:34:08Z,150.9,200.0,3074.0,2560.0,1238.0,0.0,125.26383333333331
11,65146.6,7730,2023-10-01T06:20:36Z,150.4,181.0,4081.0,2245.0,1223.0,0.0,89.48841666666667
12,47725.5,6250,2023-09-29T15:50:36Z,145.9,389.0,3350.0,246.0,2265.0,0.0,89.09970833333334
13,41754.1,5188,2023-09-28T05:52:58Z,155.7,62.0,2620.0,157.0,2349.0,0.0,103.00691666666665
14,33521.1,4212,2023-09-26T17:05:15Z,157.7,72.0,1228.0,2083.0,829.0,0.0,101.41962499999998
15,3564.2,723,2023-09-24T11:41:03Z,127.9,20.0,703.0,0.0,0.0,0.0,0.0
16,4904.7,1355,2023-09-24T08:54:28Z,126.4,0.0,1355.0,0.0,0.0,0.0,29.064675516224188
17,39964.1,4020,2023-09-24T07:45:58Z,175.6,0.0,28.0,150.0,3842.0,0.0,239.15379166666668
18,2744.7,427,2023-09-24T07:36:32Z,132.1,5.0,406.0,16.0,0.0,0.0,0.0
19,29299.1,4662,2023-09-22T15:39:32Z,135.3,576.0,3436.0,125.0,517.0,8.0,89.41795833333333
20,63154.4,8293,2023-09-20T05:24:13Z,153.3,35.0,4852.0,1106.0,2300.0,0.0,115.28408333333333
21,25244.2,4143,2023-09-18T06:24:13Z,125.6,803.0,3099.0,195.0,46.0,0.0,61.26233333333333
22,63009.1,7371,2023-09-17T05:54:02Z,153.6,21.0,3611.0,2455.0,1284.0,0.0,159.25641666666664
23,53725.3,7840,2023-09-16T06:24:54Z,145.7,112.0,5638.0,1881.0,209.0,0.0,92.82608333333333
24,51502.6,6941,2023-09-15T06:57:00Z,145.4,351.0,4487.0,684.0,1419.0,0.0,52.98229166666667
25,38085.2,5154,2023-09-13T08:01:04Z,139.6,118.0,4357.0,510.0,169.0,0.0,138.06745833333335
26,3837.3,584,2023-09-13T06:51:58Z,139.4,73.0,276.0,227.0,8.0,0.0,70.86999999999999
27,42550.3,6744,2023-09-12T16:46:29Z,137.0,358.0,5306.0,386.0,428.0,266.0,60.568041666666666
28,34596.9,4758,2023-09-08T09:59:09Z,144.4,390.0,3137.0,259.0,778.0,194.0,109.99258333333333
29,33563.4,4768,2023-09-06T07:58:35Z,137.4,1393.0,1788.0,602.0,985.0,0.0,80.76424999999999
30,33478.4,4544,2023-09-04T08:02:17Z,135.0,823.0,3338.0,383.0,0.0,0.0,94.37537499999999
31,58915.0,8095,2023-09-01T06:58:15Z,140.4,1103.0,4573.0,933.0,1486.0,0.0,103.68220833333334
32,33616.4,4937,2023-08-29T06:15:45Z,136.5,559.0,3219.0,906.0,253.0,0.0,79.23791666666666
33,33372.7,5723,2023-08-26T10:20:04Z,122.4,773.0,4898.0,47.0,5.0,0.0,87.625625
35,43479.3,6386,2023-08-22T06:35:04Z,140.0,466.0,3997.0,1127.0,796.0,0.0,102.35775
37,88910.8,10723,2023-08-20T06:01:05Z,150.1,57.0,6711.0,3057.0,898.0,0.0,180.31079166666666
38,73837.7,9987,2023-08-19T08:58:29Z,138.9,869.0,8339.0,779.0,0.0,0.0,86.85137499999999
39,36848.7,5074,2023-08-18T08:51:56Z,131.4,703.0,4361.0,10.0,0.0,0.0,110.23720833333333
40,35770.8,4983,2023-08-17T06:43:33Z,134.3,462.0,4521.0,0.0,0.0,0.0,100.36274999999999
42,57272.4,8838,2023-08-15T07:42:21Z,140.2,752.0,6132.0,853.0,1101.0,0.0,92.37720833333333
44,64861.7,8188,2023-08-13T05:55:58Z,143.3,301.0,5488.0,1430.0,969.0,0.0,131.94470833333332
45,76010.5,10223,2023-08-11T07:35:28Z,134.5,525.0,9694.0,4.0,0.0,0.0,101.64129166666666
46,57479.5,7784,2023-08-10T07:17:13Z,133.4,631.0,7153.0,0.0,0.0,0.0,102.04820833333333
48,53449.0,7840,2023-08-08T08:12:16Z,143.3,405.0,5507.0,665.0,1263.0,0.0,100.70237499999999
50,64586.2,8235,2023-08-06T05:52:32Z,145.1,406.0,5457.0,1177.0,1195.0,0.0,143.0715833333333
51,47595.1,6285,2023-08-04T08:57:15Z,139.1,184.0,6093.0,8.0,0.0,0.0,117.84116666666667
53,72220.6,11331,2023-08-02T07:12:51Z,136.8,795.0,8765.0,386.0,1371.0,14.0,82.14966666666666
55,63408.3,7844,2023-07-30T05:50:07Z,152.7,178.0,3826.0,2653.0,1128.0,59.0,107.94375
57,51423.6,7330,2023-07-25T07:06:42Z,139.6,836.0,4255.0,1798.0,441.0,0.0,78.32116666666666
59,65188.8,8407,2023-07-23T05:46:44Z,137.9,885.0,5493.0,1382.0,647.0,0.0,79.77308333333333
60,103528.0,15776,2023-07-22T08:05:58Z,144.2,1074.0,9067.0,4620.0,1015.0,0.0,95.20741666666666
61,84458.3,12254,2023-07-20T07:41:39Z,145.0,794.0,6704.0,4255.0,501.0,0.0,83.62454166666667
63,44179.4,6294,2023-07-18T07:25:35Z,143.3,502.0,3933.0,744.0,1115.0,0.0,99.11904166666666
65,63451.9,7800,2023-07-16T05:45:06Z,141.4,633.0,4790.0,1660.0,717.0,0.0,52.31808333333333
66,93669.4,11380,2023-07-15T05:18:38Z,150.0,144.0,6390.0,3532.0,1314.0,0.0,50.348416666666665
67,65439.7,9425,2023-07-13T07:27:53Z,144.7,454.0,6255.0,1953.0,763.0,0.0,93.67554166666666
69,48489.8,6774,2023-07-11T07:43:44Z,145.3,220.0,4380.0,1269.0,905.0,0.0,91.72091666666667
70,65290.2,8055,2023-07-09T06:20:06Z,150.6,162.0,4881.0,1415.0,1504.0,93.0,140.1028333333333
71,72151.5,10956,2023-07-07T06:26:34Z,138.3,493.0,8580.0,487.0,1396.0,0.0,90.69887499999999
72,33218.1,4769,2023-07-04T08:21:38Z,136.1,224.0,4203.0,249.0,93.0,0.0,109.8105
73,67299.2,8458,2023-07-02T06:17:13Z,147.4,199.0,5566.0,1448.0,1245.0,0.0,
74,61210.3,7867,2023-06-30T05:47:35Z,137.9,1225.0,4637.0,1675.0,330.0,0.0,
75,74837.2,10573,2023-06-28T06:19:05Z,138.4,1412.0,7013.0,2081.0,67.0,0.0,
77,1419.9,257,2023-06-27T08:49:23Z,105.2,241.0,16.0,0.0,0.0,0.0,
78,2358.5,424,2023-06-26T22:54:28Z,105.6,268.0,156.0,0.0,0.0,0.0,
79,2373.5,445,2023-06-26T14:09:56Z,114.0,207.0,238.0,0.0,0.0,0.0,
80,25727.7,3946,2023-06-26T06:50:22Z,120.7,1011.0,2920.0,15.0,0.0,0.0,
81,13587.9,1952,2023-06-25T08:57:04Z,132.7,24.0,1947.0,0.0,0.0,0.0,
82,39187.6,4328,2023-06-25T07:01:11Z,155.8,79.0,1753.0,1365.0,1168.0,0.0,
83,12470.3,1735,2023-06-25T06:17:42Z,129.9,158.0,1494.0,83.0,0.0,0.0,
84,162929.0,21748,2023-06-23T05:51:09Z,146.5,980.0,12693.0,5800.0,2275.0,0.0,
85,2209.9,428,2023-06-21T20:02:12Z,105.1,341.0,87.0,0.0,0.0,0.0,
86,2353.4,451,2023-06-21T15:41:17Z,115.8,214.0,237.0,0.0,0.0,0.0,
87,1493.6,329,2023-06-21T12:45:08Z,115.5,144.0,185.0,0.0,0.0,0.0,
88,1405.2,273,2023-06-21T11:43:14Z,112.2,135.0,138.0,0.0,0.0,0.0,
89,84594.1,12453,2023-06-21T05:56:44Z,127.2,965.0,11488.0,0.0,0.0,0.0,
90,2347.2,434,2023-06-20T22:56:34Z,109.2,278.0,156.0,0.0,0.0,0.0,
91,2341.4,458,2023-06-20T14:13:06Z,110.5,245.0,213.0,0.0,0.0,0.0,
92,1228.3,314,2023-06-20T12:25:42Z,95.0,314.0,0.0,0.0,0.0,0.0,
94,1249.3,312,2023-06-20T09:29:58Z,99.9,312.0,0.0,0.0,0.0,0.0,
95,2612.7,501,2023-06-19T22:54:00Z,109.8,333.0,168.0,0.0,0.0,0.0,
96,2320.1,422,2023-06-19T14:13:29Z,114.4,149.0,273.0,0.0,0.0,0.0,
97,35744.2,5679,2023-06-19T06:33:07Z,114.4,3107.0,2572.0,0.0,0.0,0.0,
98,63467.2,7870,2023-06-18T06:15:17Z,146.7,335.0,4756.0,1832.0,946.0,1.0,
99,94668.1,11812,2023-06-16T05:06:43Z,146.9,436.0,7479.0,3076.0,818.0,3.0,
100,2313.5,487,2023-06-14T20:04:29Z,107.7,362.0,125.0,0.0,0.0,0.0,
101,2431.0,510,2023-06-14T15:43:08Z,117.1,135.0,375.0,0.0,0.0,0.0,
102,83907.2,11920,2023-06-14T06:33:53Z,134.4,814.0,10788.0,318.0,0.0,0.0,
103,2392.0,462,2023-06-13T22:55:39Z,106.9,423.0,39.0,0.0,0.0,0.0,
104,2570.5,469,2023-06-13T14:12:35Z,113.5,213.0,256.0,0.0,0.0,0.0,
106,1250.6,266,2023-06-13T09:45:43Z,91.4,261.0,5.0,0.0,0.0,0.0,
107,2327.1,461,2023-06-12T22:56:33Z,102.2,461.0,0.0,0.0,0.0,0.0,
108,2392.7,466,2023-06-12T14:11:23Z,114.6,242.0,224.0,0.0,0.0,0.0,
109,32042.1,4749,2023-06-12T06:17:48Z,126.1,862.0,3887.0,0.0,0.0,0.0,
110,62775.3,7947,2023-06-11T06:16:46Z,153.2,108.0,3767.0,2519.0,1539.0,14.0,
111,2334.0,409,2023-06-09T21:03:32Z,113.5,210.0,199.0,0.0,0.0,0.0,
112,2540.7,468,2023-06-09T15:42:16Z,112.7,254.0,214.0,0.0,0.0,0.0,
113,2056.5,339,2023-06-08T20:58:52Z,87.5,339.0,0.0,0.0,0.0,0.0,
114,2459.7,437,2023-06-08T15:43:30Z,92.6,395.0,42.0,0.0,0.0,0.0,
115,2238.7,462,2023-06-07T20:59:05Z,106.4,391.0,71.0,0.0,0.0,0.0,
116,2426.3,465,2023-06-07T15:42:56Z,107.4,401.0,64.0,0.0,0.0,0.0,
117,58399.8,7480,2023-06-07T06:33:04Z,136.7,608.0,6755.0,117.0,0.0,0.0,
118,2316.1,431,2023-06-06T22:58:54Z,104.2,285.0,146.0,0.0,0.0,0.0,
119,2502.8,446,2023-06-06T17:46:14Z,114.0,120.0,326.0,0.0,0.0,0.0,
121,60623.9,7314,2023-06-04T06:18:16Z,149.3,118.0,4457.0,1569.0,1170.0,0.0,
122,3950.8,705,2023-06-03T18:26:18Z,106.9,509.0,196.0,0.0,0.0,0.0,
123,3924.7,755,2023-06-03T11:39:18Z,117.4,278.0,477.0,0.0,0.0,0.0,
124,1598.2,321,2023-06-02T21:02:04Z,99.1,319.0,2.0,0.0,0.0,0.0,
125,1641.8,345,2023-06-02T15:46:16Z,107.5,305.0,40.0,0.0,0.0,0.0,
126,105130.0,14016,2023-06-02T05:21:43Z,144.5,273.0,9690.0,3113.0,940.0,0.0,
127,1801.6,349,2023-06-01T21:15:37Z,96.7,347.0,2.0,0.0,0.0,0.0,
128,1544.9,319,2023-06-01T15:38:38Z,111.0,237.0,82.0,0.0,0.0,0.0,
129,1933.5,416,2023-05-31T21:05:16Z,87.9,416.0,0.0,0.0,0.0,0.0,
130,1577.9,327,2023-05-31T15:43:31Z,113.5,177.0,150.0,0.0,0.0,0.0,
131,53463.2,6842,2023-05-31T05:46:45Z,140.2,436.0,4611.0,1536.0,259.0,0.0,
132,1802.2,414,2023-05-30T21:03:08Z,99.9,414.0,0.0,0.0,0.0,0.0,
133,1614.7,324,2023-05-30T15:41:53Z,103.8,244.0,80.0,0.0,0.0,0.0,
134,23930.4,3808,2023-05-29T06:50:15Z,133.5,458.0,2764.0,528.0,58.0,0.0,
135,78693.2,10362,2023-05-28T06:20:38Z,149.0,120.0,5804.0,3112.0,1326.0,0.0,
136,3970.6,735,2023-05-27T19:25:23Z,119.9,163.0,572.0,0.0,0.0,0.0,
137,3915.3,705,2023-05-27T12:42:50Z,113.5,289.0,416.0,0.0,0.0,0.0,
138,63599.6,9178,2023-05-27T05:52:40Z,146.4,376.0,5507.0,2895.0,400.0,0.0,
139,18119.6,2829,2023-05-26T16:54:36Z,124.9,519.0,2310.0,0.0,0.0,0.0,
140,1771.3,363,2023-05-25T21:03:22Z,106.3,301.0,62.0,0.0,0.0,0.0,
141,1577.8,325,2023-05-25T15:41:59Z,111.3,201.0,124.0,0.0,0.0,0.0,
142,6638.0,1160,2023-05-24T21:06:02Z,120.7,518.0,642.0,0.0,0.0,0.0,
143,1858.6,372,2023-05-24T15:40:53Z,102.0,349.0,23.0,0.0,0.0,0.0,
144,1917.7,355,2023-05-23T21:02:49Z,111.4,183.0,172.0,0.0,0.0,0.0,
145,1554.2,293,2023-05-23T15:48:06Z,97.5,217.0,76.0,0.0,0.0,0.0,
146,48631.4,6765,2023-05-23T09:47:34Z,133.4,268.0,6497.0,0.0,0.0,0.0,
147,1974.0,375,2023-05-22T21:02:19Z,108.7,268.0,107.0,0.0,0.0,0.0,
148,1568.3,338,2023-05-22T15:45:56Z,100.5,290.0,48.0,0.0,0.0,0.0,
149,3957.6,752,2023-05-21T23:24:17Z,116.8,244.0,508.0,0.0,0.0,0.0,
150,3937.6,680,2023-05-21T20:44:57Z,117.8,236.0,444.0,0.0,0.0,0.0,
151,38476.1,5751,2023-05-21T10:16:03Z,123.1,847.0,4888.0,16.0,0.0,0.0,
152,61369.8,8086,2023-05-20T10:14:22Z,147.3,181.0,4326.0,3402.0,177.0,0.0,
153,4676.7,747,2023-05-20T00:57:38Z,120.2,292.0,420.0,35.0,0.0,0.0,
154,2444.3,398,2023-05-19T21:04:39Z,124.2,176.0,178.0,44.0,0.0,0.0,
155,1568.1,312,2023-05-19T15:48:45Z,124.8,24.0,288.0,0.0,0.0,0.0,
156,42876.1,5832,2023-05-19T09:39:43Z,144.0,767.0,2088.0,2963.0,14.0,0.0,
157,1928.7,329,2023-05-17T21:05:19Z,121.4,87.0,242.0,0.0,0.0,0.0,
158,1569.2,316,2023-05-17T15:44:16Z,124.0,38.0,278.0,0.0,0.0,0.0,
159,39824.4,5205,2023-05-17T09:20:35Z,149.7,364.0,1901.0,2875.0,65.0,0.0,
161,1570.5,291,2023-05-16T15:44:53Z,113.7,165.0,126.0,0.0,0.0,0.0,
162,41894.3,5660,2023-05-16T09:12:35Z,142.0,285.0,4969.0,406.0,0.0,0.0,
163,1942.7,360,2023-05-15T21:06:15Z,95.8,335.0,25.0,0.0,0.0,0.0,
164,1586.6,318,2023-05-15T15:43:11Z,110.7,226.0,92.0,0.0,0.0,0.0,
165,13590.5,2595,2023-05-15T09:39:02Z,104.4,2513.0,82.0,0.0,0.0,0.0,
166,38468.5,5269,2023-05-14T11:29:56Z,138.9,106.0,4747.0,416.0,0.0,0.0,
167,3994.4,602,2023-05-13T23:18:48Z,129.0,175.0,386.0,41.0,0.0,0.0,
168,3881.7,684,2023-05-13T18:08:06Z,112.4,455.0,229.0,0.0,0.0,0.0,
169,50614.8,6724,2023-05-12T16:32:22Z,151.4,71.0,3657.0,2113.0,883.0,0.0,
170,1775.9,302,2023-05-11T21:00:46Z,117.7,104.0,198.0,0.0,0.0,0.0,
171,1547.5,255,2023-05-11T15:45:32Z,133.0,39.0,208.0,8.0,0.0,0.0,
172,1814.0,305,2023-05-10T21:01:16Z,122.3,98.0,207.0,0.0,0.0,0.0,
173,1553.9,266,2023-05-10T15:46:53Z,131.9,17.0,249.0,0.0,0.0,0.0,
174,28332.9,3809,2023-05-10T10:45:58Z,152.1,67.0,1717.0,1243.0,782.0,0.0,
175,1740.9,358,2023-05-09T21:02:02Z,119.4,112.0,246.0,0.0,0.0,0.0,
176,1640.5,311,2023-05-09T15:45:40Z,116.5,82.0,229.0,0.0,0.0,0.0,
177,41912.8,5666,2023-05-09T08:46:33Z,140.8,160.0,4828.0,678.0,0.0,0.0,
178,2009.9,363,2023-05-08T21:05:58Z,105.0,263.0,100.0,0.0,0.0,0.0,
179,1546.9,281,2023-05-08T15:40:24Z,116.7,57.0,224.0,0.0,0.0,0.0,
180,2357.4,436,2023-05-08T13:30:35Z,123.7,122.0,314.0,0.0,0.0,0.0,
181,3116.7,526,2023-05-08T10:32:37Z,82.7,517.0,9.0,0.0,0.0,0.0,
182,21549.6,3336,2023-05-08T06:20:44Z,134.2,662.0,2026.0,533.0,115.0,0.0,
183,21916.1,3566,2023-05-07T11:25:26Z,127.5,794.0,2722.0,50.0,0.0,0.0,
185,2891.6,539,2023-05-06T18:18:24Z,122.7,117.0,422.0,0.0,0.0,0.0,
187,3321.7,674,2023-05-06T16:01:56Z,119.0,201.0,473.0,0.0,0.0,0.0,
188,1787.7,313,2023-05-05T23:01:35Z,121.9,77.0,236.0,0.0,0.0,0.0,
189,1691.4,288,2023-05-05T14:14:47Z,130.7,30.0,258.0,0.0,0.0,0.0,
190,34015.1,4543,2023-05-05T10:11:14Z,140.9,54.0,4133.0,356.0,0.0,0.0,
191,1788.8,282,2023-05-04T23:04:31Z,103.1,210.0,72.0,0.0,0.0,0.0,
192,1699.5,264,2023-05-04T18:42:45Z,142.3,21.0,161.0,82.0,0.0,0.0,
193,2753.9,520,2023-05-04T16:58:37Z,120.6,176.0,344.0,0.0,0.0,0.0,
194,2668.6,506,2023-05-04T08:20:30Z,113.4,214.0,292.0,0.0,0.0,0.0,
195,35529.7,5090,2023-05-03T15:30:12Z,158.3,20.0,2047.0,1708.0,1215.0,100.0,
200,25348.0,3450,2023-05-01T16:38:34Z,154.3,31.0,1345.0,1926.0,148.0,0.0,
209,25634.9,3395,2023-04-26T06:01:23Z,152.9,59.0,1769.0,666.0,901.0,0.0,
216,29145.7,4103,2023-04-22T08:04:33Z,141.6,126.0,3322.0,655.0,0.0,0.0,
219,38121.9,5147,2023-04-19T05:51:14Z,151.3,64.0,2737.0,1841.0,505.0,0.0,
222,24246.1,4324,2023-04-17T06:19:15Z,123.5,1106.0,3125.0,93.0,0.0,0.0,
223,60438.1,7808,2023-04-16T06:48:23Z,158.4,46.0,3021.0,2661.0,2080.0,0.0,
303,0.0,592,2021-11-13T07:22:37Z,80.0,577.0,15.0,0.0,0.0,0.0,
315,0.0,1186,2021-10-23T08:53:48Z,141.5,15.0,905.0,266.0,0.0,0.0,
324,0.0,1223,2021-10-07T07:14:35Z,140.3,0.0,1139.0,84.0,0.0,0.0,
351,24734.3,3354,2021-07-10T08:33:26Z,47.7,3354.0,0.0,0.0,0.0,0.0,107.44975
352,18104.8,3056,2021-07-08T07:12:09Z,44.7,3056.0,0.0,0.0,0.0,0.0,99.31062499999999
359,25474.2,4328,2021-06-10T07:08:45Z,97.7,2952.0,1376.0,0.0,0.0,0.0,111.34633333333332
367,9177.3,2100,2021-05-04T19:04:14Z,78.8,1626.0,474.0,0.0,0.0,0.0,52.51406473108043
369,12935.3,1800,2021-04-23T19:53:59Z,117.2,834.0,227.0,54.0,685.0,0.0,167.0005
370,9386.2,1801,2021-04-21T19:23:36Z,106.3,823.0,595.0,123.0,260.0,0.0,96.05227524972251
371,9999.3,1801,2021-04-20T19:08:08Z,106.0,761.0,524.0,516.0,0.0,0.0,87.19020833333333
372,8854.7,1800,2021-04-16T18:01:43Z,147.0,167.0,776.0,770.0,87.0,0.0,122.47558333333332
373,13286.8,1860,2021-04-15T18:01:01Z,155.0,225.0,421.0,572.0,642.0,0.0,162.63129166666667
374,7624.5,2101,2021-04-13T18:09:32Z,154.2,130.0,495.0,1258.0,218.0,0.0,130.760375
375,13292.8,1800,2021-04-12T17:03:47Z,156.1,205.0,392.0,288.0,915.0,0.0,181.590125
376,13691.8,1998,2021-04-10T18:02:08Z,153.8,248.0,425.0,601.0,724.0,0.0,157.20283333333333
377,16766.4,2400,2021-04-09T18:18:58Z,153.1,188.0,669.0,1204.0,339.0,0.0,150.01925
378,14050.6,2100,2021-04-08T18:29:34Z,154.4,32.0,977.0,464.0,627.0,0.0,142.545125
379,10820.0,2166,2021-04-06T18:00:09Z,143.7,289.0,1030.0,543.0,304.0,0.0,108.86445833333333
380,14575.9,1801,2021-04-05T19:22:28Z,160.3,78.0,241.0,922.0,560.0,0.0,172.60470833333332
381,12295.3,2311,2021-04-03T17:42:45Z,146.3,169.0,1250.0,591.0,301.0,0.0,95.70695833333333
382,11463.0,2352,2021-04-01T17:14:37Z,131.1,1128.0,420.0,504.0,300.0,0.0,60.13100297492563
384,10960.7,1680,2021-03-29T18:47:31Z,153.1,262.0,237.0,700.0,481.0,0.0,130.2133333333333
385,14189.1,1950,2021-03-26T09:46:34Z,151.1,217.0,524.0,815.0,394.0,0.0,151.11649999999997
386,8177.1,1800,2021-03-25T09:34:39Z,140.4,240.0,948.0,612.0,0.0,0.0,105.71758333333332
388,11686.8,2273,2021-03-22T08:30:41Z,133.4,638.0,896.0,597.0,142.0,0.0,76.71813984168865
389,7634.4,2100,2021-03-20T17:53:14Z,126.6,794.0,1061.0,239.0,6.0,0.0,103.28399999999999
397,47618.6,5348,2021-02-26T06:49:13Z,148.1,198.0,2512.0,2591.0,47.0,0.0,111.34474999999999
398,20016.9,2896,2021-02-24T07:10:47Z,122.7,951.0,1862.0,83.0,0.0,0.0,83.80108333333334
400,36763.3,5455,2021-02-22T07:16:17Z,142.0,267.0,3837.0,497.0,854.0,0.0,106.69687499999999
401,47602.0,5637,2021-02-19T06:39:27Z,142.6,130.0,4657.0,850.0,0.0,0.0,113.6675
404,22918.7,4018,2021-02-15T07:22:24Z,121.5,1424.0,2500.0,50.0,44.0,0.0,73.82529166666666
405,50564.3,8420,2021-02-13T07:21:39Z,135.8,798.0,6435.0,668.0,519.0,0.0,107.04362499999999
406,58201.3,6650,2021-02-12T07:13:52Z,149.0,27.0,4355.0,2237.0,31.0,0.0,110.506375
407,34547.9,4967,2021-02-10T06:47:55Z,150.8,97.0,3250.0,764.0,856.0,0.0,131.34383333333332
408,47614.1,5820,2021-02-08T07:00:51Z,150.3,100.0,3169.0,2551.0,0.0,0.0,132.3864583333333
410,47622.2,6561,2021-02-03T06:37:15Z,140.3,179.0,5465.0,747.0,169.0,1.0,102.93408333333333
412,47990.3,5616,2021-02-01T07:04:32Z,157.9,117.0,880.0,4362.0,257.0,0.0,135.054375
413,41056.5,6205,2021-01-28T06:27:42Z,141.7,151.0,4784.0,434.0,836.0,0.0,86.07633333333334
415,18019.0,2736,2021-01-25T07:08:17Z,141.1,185.0,1913.0,523.0,115.0,0.0,121.75358333333332
417,17815.7,2983,2021-01-18T07:23:02Z,122.9,818.0,2016.0,92.0,57.0,0.0,85.37491666666666
421,18329.9,2079,2021-01-06T06:41:51Z,136.4,141.0,1897.0,41.0,0.0,0.0,116.08841666666666
422,26457.3,4483,2021-01-01T07:28:20Z,125.7,664.0,3732.0,87.0,0.0,0.0,104.01154166666666
424,63119.1,7147,2020-12-30T06:45:18Z,141.9,93.0,6105.0,949.0,0.0,0.0,113.52658333333332
425,17982.1,3210,2020-12-28T07:22:34Z,121.9,673.0,2537.0,0.0,0.0,0.0,84.12645833333332
427,26761.8,4532,2020-12-25T07:31:23Z,131.2,462.0,3717.0,342.0,11.0,0.0,99.60275
428,20203.2,3300,2020-12-24T07:05:21Z,135.2,260.0,2810.0,217.0,13.0,0.0,105.04783333333333
430,26759.7,4346,2020-12-21T07:23:37Z,136.3,232.0,3820.0,291.0,3.0,0.0,87.28125
432,22558.1,3954,2020-12-18T07:11:36Z,128.3,1282.0,2118.0,351.0,203.0,0.0,65.44629166666667
433,18218.3,3340,2020-12-17T07:14:27Z,115.0,1691.0,1649.0,0.0,0.0,0.0,70.4615
435,23143.6,3978,2020-12-14T07:28:36Z,131.4,472.0,3209.0,250.0,47.0,0.0,85.78025
437,23050.0,4193,2020-12-11T07:21:02Z,124.4,922.0,3165.0,92.0,14.0,0.0,75.25820833333333
438,18061.8,3044,2020-12-10T07:16:35Z,127.9,491.0,2345.0,117.0,91.0,0.0,76.86925000000001
441,23121.2,4052,2020-12-04T07:21:55Z,125.7,785.0,3150.0,117.0,0.0,0.0,71.81841666666666
445,23878.6,4222,2020-11-27T07:25:12Z,133.2,354.0,3470.0,281.0,117.0,0.0,77.53741666666667
447,22205.4,3943,2020-11-23T07:28:31Z,127.3,440.0,3411.0,92.0,0.0,0.0,
449,22315.8,3592,2020-11-13T07:07:57Z,141.4,116.0,2438.0,963.0,75.0,0.0,
451,29310.3,3767,2020-11-09T06:44:16Z,153.7,63.0,1275.0,2322.0,107.0,0.0,
452,25383.4,4075,2020-11-07T06:46:47Z,138.6,375.0,2717.0,859.0,124.0,0.0,
453,22598.9,3709,2020-11-06T06:47:13Z,133.1,390.0,2848.0,402.0,69.0,0.0,
454,29288.3,3766,2020-11-04T06:49:34Z,152.6,97.0,1559.0,2050.0,60.0,0.0,
455,25073.2,3343,2020-11-02T06:57:15Z,149.6,113.0,1760.0,1397.0,73.0,0.0,
456,18154.7,2917,2020-10-29T06:32:50Z,134.6,149.0,2595.0,82.0,91.0,0.0,
457,17978.1,3175,2020-10-27T06:47:13Z,129.7,279.0,2831.0,65.0,0.0,0.0,
458,17958.4,2747,2020-10-10T06:36:49Z,140.6,110.0,2282.0,306.0,49.0,0.0,
459,28969.9,4933,2020-10-09T06:25:42Z,127.8,940.0,3682.0,311.0,0.0,0.0,
461,23353.3,4051,2020-10-06T06:28:36Z,128.8,355.0,3519.0,173.0,4.0,0.0,
462,17996.8,3064,2020-10-05T06:47:33Z,130.2,260.0,2769.0,35.0,0.0,0.0,
463,29932.3,4979,2020-10-02T06:24:16Z,138.5,458.0,3206.0,965.0,350.0,0.0,
464,18015.1,2974,2020-10-01T06:46:56Z,144.6,130.0,1856.0,674.0,238.0,76.0,
465,8378.2,51131,2020-09-28T19:02:03Z,88.3,49870.0,1117.0,144.0,0.0,0.0,
466,12897.8,2401,2020-09-09T08:26:43Z,123.2,936.0,1369.0,96.0,0.0,0.0,
467,13484.2,2401,2020-09-07T08:19:55Z,129.6,539.0,1784.0,78.0,0.0,0.0,
468,9759.2,1801,2020-09-02T08:41:57Z,129.8,598.0,732.0,471.0,0.0,0.0,
469,8676.3,1861,2020-08-27T08:03:43Z,123.9,912.0,467.0,482.0,0.0,0.0,
470,11893.6,2112,2020-08-24T08:30:58Z,133.6,435.0,1276.0,401.0,0.0,0.0,
473,14930.3,2701,2020-08-16T18:07:34Z,152.2,190.0,903.0,1147.0,461.0,0.0,
474,7500.0,1501,2020-08-06T15:48:10Z,132.3,575.0,471.0,328.0,127.0,0.0,93.0715
475,8983.2,1551,2020-08-01T17:22:37Z,143.2,259.0,735.0,538.0,19.0,0.0,101.913625
476,15863.8,2700,2020-07-28T08:20:08Z,136.9,631.0,740.0,1283.0,46.0,0.0,72.86025
477,14328.4,2700,2020-07-27T08:28:36Z,125.1,993.0,684.0,1023.0,0.0,0.0,62.37571269900036
478,15620.6,2700,2020-07-24T08:07:24Z,126.7,786.0,856.0,1058.0,0.0,0.0,64.73220833333333
479,7603.5,1800,2020-07-22T19:39:42Z,126.2,597.0,926.0,219.0,58.0,0.0,50.214625
480,15886.9,2700,2020-07-20T18:55:09Z,146.6,620.0,852.0,334.0,889.0,5.0,81.59708333333333
481,18095.0,3000,2020-07-18T17:10:03Z,143.6,916.0,799.0,287.0,944.0,54.0,72.35416527824059
482,15573.7,2700,2020-07-15T18:57:08Z,145.2,638.0,548.0,978.0,536.0,0.0,79.08275
483,13522.8,2754,2020-07-14T19:08:56Z,133.2,1002.0,663.0,1028.0,61.0,0.0,86.96220833333334
484,12146.2,2100,2020-07-13T18:22:21Z,146.2,237.0,990.0,362.0,511.0,0.0,96.85249999999999
485,5964.4,1200,2020-07-11T20:08:07Z,131.8,294.0,772.0,134.0,0.0,0.0,81.5005
486,3154.9,1209,2020-07-10T21:07:41Z,106.0,1196.0,13.0,0.0,0.0,0.0,27.904666666666667
493,27740.5,4597,2020-03-19T06:51:29Z,126.3,1053.0,3196.0,348.0,0.0,0.0,
494,41428.7,5019,2020-03-17T06:18:20Z,149.4,166.0,2735.0,1640.0,478.0,0.0,
495,46064.5,6967,2020-03-15T06:45:07Z,143.6,353.0,4546.0,2059.0,9.0,0.0,
496,26522.6,3796,2020-03-13T06:29:15Z,137.5,281.0,3019.0,492.0,4.0,0.0,
497,79479.4,10339,2020-02-29T06:30:19Z,133.3,686.0,8617.0,728.0,308.0,0.0,
498,41851.8,5027,2020-02-25T06:46:36Z,146.8,134.0,3515.0,1378.0,0.0,0.0,
499,79694.3,9872,2020-02-22T06:36:39Z,142.4,240.0,7651.0,1174.0,807.0,0.0,
500,29466.1,3649,2020-02-20T06:51:13Z,148.3,112.0,2167.0,1328.0,42.0,0.0,
501,33204.7,4364,2020-02-18T06:39:22Z,145.5,119.0,2869.0,1294.0,82.0,0.0,
502,48077.9,5881,2020-02-16T06:37:48Z,148.6,114.0,3698.0,2069.0,0.0,0.0,
503,29610.1,3709,2020-02-14T06:47:47Z,147.2,131.0,2032.0,1542.0,4.0,0.0,
504,0.0,2400,2020-02-11T07:10:43Z,151.3,246.0,752.0,900.0,502.0,0.0,
505,18422.5,2693,2020-02-09T07:30:19Z,147.8,156.0,1245.0,1170.0,122.0,0.0,
506,0.0,4514,2020-01-19T08:16:16Z,137.4,234.0,3450.0,830.0,0.0,0.0,
507,0.0,3310,2020-01-17T07:03:37Z,145.4,440.0,1309.0,1054.0,492.0,15.0,
509,34635.7,5085,2020-01-14T06:40:45Z,145.0,206.0,3195.0,1524.0,160.0,0.0,
510,20935.8,3797,2020-01-12T07:18:26Z,125.5,1212.0,2246.0,339.0,0.0,0.0,
511,36276.6,6200,2020-01-11T06:51:44Z,131.2,714.0,5276.0,127.0,83.0,0.0,
512,39567.7,5191,2020-01-09T06:35:26Z,138.4,327.0,4386.0,478.0,0.0,0.0,
513,39455.1,5204,2020-01-07T06:38:37Z,141.6,117.0,4658.0,429.0,0.0,0.0,
514,32545.4,4968,2020-01-05T06:49:36Z,136.8,817.0,3046.0,600.0,505.0,0.0,
515,32216.2,5124,2020-01-03T06:40:02Z,128.9,1082.0,3954.0,88.0,0.0,0.0,
517,20837.2,3821,2019-12-31T06:50:56Z,129.4,283.0,3516.0,22.0,0.0,0.0,
518,20537.2,3797,2019-12-22T07:08:30Z,131.5,311.0,3309.0,177.0,0.0,0.0,
519,18079.5,3157,2019-12-21T07:14:52Z,139.7,95.0,2905.0,157.0,0.0,0.0,
521,5026.4,918,2019-11-17T09:08:16Z,114.0,503.0,415.0,0.0,0.0,0.0,20.995791666666666
522,75165.9,8451,2019-11-17T06:46:37Z,136.5,190.0,7947.0,314.0,0.0,0.0,129.99245833333333
523,3003.4,634,2019-11-17T06:35:45Z,126.8,106.0,528.0,0.0,0.0,0.0,0.0
524,77287.4,11520,2019-11-16T06:18:21Z,142.7,837.0,7237.0,1244.0,2202.0,0.0,107.60808333333333
525,17042.9,3427,2019-11-15T07:10:03Z,105.4,2860.0,567.0,0.0,0.0,0.0,87.69766666666666
526,68033.6,9179,2019-11-13T06:32:09Z,133.4,814.0,7447.0,539.0,379.0,0.0,128.1447083333333
527,49025.4,8530,2019-11-12T06:16:47Z,138.5,535.0,6376.0,1411.0,208.0,0.0,102.27225
528,28314.5,4501,2019-06-30T18:07:31Z,131.3,1111.0,3099.0,291.0,0.0,0.0,
529,17537.2,3601,2019-06-27T17:23:33Z,131.6,1313.0,1276.0,649.0,363.0,0.0,
530,10472.7,2401,2019-06-25T20:28:38Z,124.0,709.0,1558.0,134.0,0.0,0.0,
531,33260.5,4532,2019-06-23T07:29:59Z,147.4,417.0,1884.0,1948.0,283.0,0.0,119.88683333333333
532,27224.0,4301,2019-06-22T06:44:23Z,141.6,615.0,1785.0,1886.0,15.0,0.0,109.36874999999999
533,27281.4,4200,2019-06-20T18:17:38Z,149.1,565.0,1472.0,600.0,1563.0,0.0,129.663125
534,56529.2,8921,2019-06-18T06:07:33Z,136.4,1437.0,5225.0,1768.0,491.0,0.0,101.761625
535,56012.6,7459,2019-06-15T06:05:09Z,139.4,827.0,4413.0,660.0,1559.0,0.0,98.21654166666667
536,27685.3,4084,2019-06-13T20:15:28Z,146.6,555.0,1394.0,1050.0,1085.0,0.0,114.843125
537,48080.1,6897,2019-06-11T06:03:18Z,138.5,1038.0,4071.0,1093.0,695.0,0.0,82.19241666666666
538,88776.7,9576,2019-06-09T05:55:20Z,149.2,369.0,4840.0,3918.0,449.0,0.0,144.464125
539,5171.9,1252,2019-06-08T08:04:58Z,173.7,0.0,45.0,217.0,989.0,1.0,237.02104166666666
540,5195.4,541,2019-06-08T07:28:25Z,119.2,121.0,420.0,0.0,0.0,0.0,
541,5183.2,1274,2019-06-08T07:04:58Z,170.0,6.0,68.0,320.0,880.0,0.0,229.88495833333332
542,5174.8,521,2019-06-08T06:38:16Z,115.8,241.0,280.0,0.0,0.0,0.0,0.0
543,5226.0,1321,2019-06-08T06:12:59Z,166.8,10.0,71.0,733.0,507.0,0.0,230.22299999999998
544,48176.8,6075,2019-06-06T05:52:11Z,140.7,479.0,3741.0,1308.0,547.0,0.0,84.26579166666666
545,48208.5,7473,2019-06-04T05:56:42Z,135.1,1442.0,4206.0,1519.0,306.0,0.0,88.10537500000001
546,19111.0,3600,2019-06-01T17:33:56Z,143.9,161.0,2374.0,963.0,102.0,0.0,138.434
547,19459.1,2700,2019-05-26T16:40:23Z,146.6,520.0,895.0,751.0,533.0,1.0,107.998375
548,14190.6,1800,2019-05-21T19:49:51Z,162.7,206.0,288.0,135.0,1171.0,0.0,179.04570833333332
549,20350.9,3000,2019-05-19T14:40:20Z,151.5,443.0,1042.0,320.0,1195.0,0.0,104.95173275574808
550,25823.4,3600,2019-05-16T14:21:15Z,153.9,107.0,1435.0,556.0,1502.0,0.0,147.59516666666667
551,26146.8,3656,2019-05-14T16:25:55Z,150.0,343.0,1357.0,767.0,1189.0,0.0,133.93416666666664
552,87896.6,9339,2019-05-12T06:04:43Z,154.7,192.0,3011.0,4951.0,1185.0,0.0,151.19883333333334
553,25647.4,3600,2019-05-11T12:53:34Z,147.1,407.0,1407.0,829.0,957.0,0.0,138.3105
554,22043.0,3600,2019-05-09T13:05:57Z,131.9,880.0,1918.0,784.0,18.0,0.0,95.93654166666666
555,29528.1,3835,2019-05-07T16:12:32Z,143.1,131.0,2668.0,1036.0,0.0,0.0,134.94908333333333
556,18417.1,3369,2019-05-05T05:54:12Z,102.5,2912.0,457.0,0.0,0.0,0.0,62.15691666666666
557,88192.4,9587,2019-04-28T06:01:00Z,148.2,379.0,5044.0,3563.0,585.0,16.0,117.97812499999999
558,36068.0,9332,2019-04-27T06:24:27Z,100.1,9329.0,3.0,0.0,0.0,0.0,38.61275
559,22391.5,3601,2019-04-22T08:54:07Z,145.1,458.0,1725.0,216.0,1197.0,5.0,88.56837867851193
560,41972.6,7080,2019-04-20T06:01:15Z,124.7,2153.0,4375.0,366.0,186.0,0.0,92.90050000000001
561,55523.1,8571,2019-04-18T06:13:40Z,138.3,1501.0,4678.0,1434.0,958.0,0.0,100.18858333333334
562,57147.3,8852,2019-04-16T05:59:18Z,135.4,1557.0,4991.0,2065.0,239.0,0.0,99.62966666666667
563,13579.1,1329,2019-04-14T08:21:34Z,181.6,0.0,15.0,131.0,1092.0,91.0,207.17679166666667
564,766.2,125,2019-04-14T08:19:06Z,135.5,0.0,125.0,0.0,0.0,0.0,0.0
565,63239.8,7280,2019-04-09T06:25:06Z,140.2,198.0,6688.0,251.0,143.0,0.0,114.10370833333333
566,3961.4,589,2019-04-07T08:01:33Z,122.4,79.0,510.0,0.0,0.0,0.0,
567,30070.2,2622,2019-04-07T06:54:01Z,178.4,0.0,31.0,126.0,2451.0,14.0,
568,2429.6,361,2019-04-07T06:31:16Z,133.3,0.0,361.0,0.0,0.0,0.0,
569,0.0,2700,2019-04-04T08:39:13Z,157.1,305.0,881.0,351.0,1124.0,39.0,138.26141666666666
570,0.0,3000,2019-04-02T12:26:20Z,147.1,217.0,1479.0,459.0,845.0,0.0,134.37116666666665
571,28617.8,3451,2019-03-31T08:09:33Z,142.6,0.0,3040.0,310.0,101.0,0.0,91.84995833333333
572,30136.0,2793,2019-03-31T07:22:31Z,166.0,7.0,51.0,1989.0,746.0,0.0,219.9812083333333
573,27179.9,3378,2019-03-31T06:20:42Z,127.9,292.0,3070.0,16.0,0.0,0.0,79.398625
574,0.0,2701,2019-03-29T11:20:56Z,151.7,288.0,1107.0,137.0,1169.0,0.0,113.89944485566247
575,0.0,2700,2019-03-28T10:20:25Z,151.1,163.0,1198.0,361.0,978.0,0.0,186.65441666666666
576,0.0,4120,2019-03-26T11:20:43Z,143.9,943.0,1283.0,545.0,1349.0,0.0,62.20206260616355
577,28317.7,3576,2019-03-24T08:14:17Z,147.5,0.0,2357.0,1192.0,27.0,0.0,99.405625
578,31245.1,2927,2019-03-24T07:24:31Z,167.0,7.0,77.0,2457.0,386.0,0.0,219.84108333333333
579,27474.6,3434,2019-03-24T06:05:42Z,131.0,504.0,2869.0,61.0,0.0,0.0,75.484625
580,48113.3,6231,2019-03-23T06:20:37Z,142.7,542.0,3740.0,1076.0,873.0,0.0,88.057875
581,56774.0,9217,2019-03-19T06:24:42Z,138.8,782.0,6682.0,789.0,964.0,0.0,98.81425
582,20157.0,3065,2019-03-17T06:31:22Z,142.3,109.0,2333.0,502.0,121.0,0.0,124.80387499999999
583,49911.8,7971,2019-03-08T06:20:26Z,132.5,1415.0,4895.0,1005.0,656.0,0.0,101.31433333333332
584,49970.4,8053,2019-03-06T06:21:34Z,131.7,1209.0,5299.0,1531.0,14.0,0.0,98.51024999999998
585,18180.1,2878,2019-03-03T06:23:08Z,125.7,307.0,2486.0,62.0,23.0,0.0,87.02
586,47933.4,5025,2019-02-28T07:01:22Z,157.0,122.0,1273.0,2812.0,818.0,0.0,144.13558333333333
587,26622.9,3719,2019-02-24T08:08:27Z,139.8,12.0,2992.0,623.0,92.0,0.0,82.46316666666665
588,41508.6,4010,2019-02-24T06:07:53Z,176.6,0.0,37.0,833.0,3110.0,30.0,226.95420833333333
589,9882.6,1960,2019-02-24T04:58:07Z,125.8,205.0,1755.0,0.0,0.0,0.0,85.008375
590,24181.6,2613,2019-02-20T07:47:24Z,146.3,75.0,1490.0,1048.0,0.0,0.0,97.814375
591,22447.2,1812,2019-02-20T06:45:49Z,176.5,1.0,20.0,102.0,1689.0,0.0,72.28233333333334
592,5979.5,1559,2019-02-20T05:54:39Z,122.8,499.0,1060.0,0.0,0.0,0.0,39.93008333333333
593,10222.3,1723,2019-02-17T10:10:33Z,135.5,0.0,1723.0,0.0,0.0,0.0,54.993916666666664
594,103225.0,9776,2019-02-17T06:54:26Z,153.5,53.0,3660.0,5803.0,260.0,0.0,106.63433333333333
595,1160.3,386,2019-02-17T06:34:46Z,122.4,129.0,257.0,0.0,0.0,0.0,0.0
596,56000.5,8267,2019-02-16T06:36:28Z,136.4,1641.0,4122.0,2344.0,160.0,0.0,85.10970833333333
597,49850.3,7578,2019-02-14T06:40:20Z,137.4,590.0,5326.0,583.0,1079.0,0.0,106.84016666666666
598,49383.4,7562,2019-02-12T06:50:02Z,139.7,306.0,5364.0,1071.0,821.0,0.0,107.99995833333332
599,47945.5,6563,2019-02-10T08:54:15Z,144.4,73.0,4587.0,1903.0,0.0,0.0,136.249
600,65384.7,6290,2019-02-10T06:52:11Z,157.6,19.0,1574.0,4398.0,299.0,0.0,177.19004166666667
601,726.1,236,2019-02-10T06:43:11Z,130.3,7.0,229.0,0.0,0.0,0.0,0.0
602,49924.6,7584,2019-02-07T06:40:09Z,135.8,934.0,4988.0,821.0,841.0,0.0,108.63329166666665
603,49875.7,7681,2019-02-05T06:39:08Z,138.8,501.0,5279.0,1124.0,777.0,0.0,104.37570833333334
604,21492.1,2824,2019-02-03T11:31:14Z,140.4,13.0,2180.0,631.0,0.0,0.0,110.50795833333333
605,3220.8,511,2019-02-03T10:34:13Z,141.7,0.0,486.0,25.0,0.0,0.0,0.0
606,88280.8,8869,2019-02-03T06:50:10Z,163.1,7.0,1177.0,5477.0,2127.0,81.0,155.15954166666666
607,47817.9,5619,2019-01-29T06:53:41Z,144.4,101.0,4660.0,858.0,0.0,0.0,142.38916666666665
609,60525.7,7496,2019-01-27T06:39:44Z,134.7,221.0,7088.0,187.0,0.0,0.0,116.98537499999999
610,63462.4,10005,2019-01-26T06:44:42Z,139.6,868.0,5900.0,3237.0,0.0,0.0,109.80654166666666
611,50058.4,7626,2019-01-24T06:49:04Z,136.6,590.0,6017.0,644.0,375.0,0.0,105.17133333333332
612,51673.1,7442,2019-01-20T06:40:53Z,123.8,1247.0,6155.0,40.0,0.0,0.0,121.51133333333333
613,58174.3,8900,2019-01-19T06:40:08Z,144.9,213.0,5945.0,1925.0,817.0,0.0,104.65833333333333
614,49532.7,7679,2019-01-17T06:48:35Z,139.1,347.0,5422.0,1587.0,323.0,0.0,105.75874999999999
615,47745.1,5406,2019-01-15T06:44:44Z,151.0,80.0,2334.0,2992.0,0.0,0.0,150.47525000000002
616,62593.3,6470,2019-01-13T06:45:18Z,170.9,0.0,184.0,3125.0,3161.0,0.0,163.08808333333332
617,50049.6,8148,2019-01-10T06:48:21Z,139.6,247.0,5870.0,1507.0,524.0,0.0,112.98904166666667
618,47857.7,5410,2019-01-08T06:49:51Z,156.9,114.0,822.0,4329.0,145.0,0.0,151.54716666666667
619,49325.8,7896,2019-01-05T06:56:21Z,144.1,176.0,5431.0,1273.0,1016.0,0.0,132.5725
620,29028.4,6050,2019-01-03T06:59:44Z,142.6,239.0,3820.0,1310.0,681.0,0.0,123.773125
621,47298.6,6760,2018-12-29T06:43:18Z,145.3,624.0,3556.0,1413.0,1167.0,0.0,98.66225
622,50012.9,7593,2018-12-27T06:42:46Z,144.2,483.0,4754.0,1004.0,1350.0,2.0,105.11037499999999
623,47259.6,5632,2018-12-23T06:40:00Z,145.0,157.0,3644.0,1096.0,735.0,0.0,140.45116666666667
624,24907.6,3600,2018-12-06T10:53:18Z,147.7,216.0,2025.0,928.0,431.0,0.0,143.58062499999997
625,25940.1,3601,2018-12-02T15:45:14Z,155.6,114.0,1355.0,1145.0,987.0,0.0,142.32899999999998
626,33702.8,4501,2018-11-27T17:09:57Z,140.0,379.0,2779.0,1343.0,0.0,0.0,115.87466666666666
627,25310.1,3600,2018-11-25T16:26:38Z,153.4,119.0,1891.0,394.0,1078.0,118.0,129.02266666666665
628,28210.2,3601,2018-11-22T15:54:42Z,150.2,434.0,867.0,1880.0,414.0,6.0,89.72274999999999
629,24936.8,3600,2018-11-20T18:49:28Z,147.8,294.0,1772.0,538.0,986.0,10.0,103.62204166666666
630,34060.5,4846,2018-11-18T07:03:23Z,135.2,250.0,4234.0,362.0,0.0,0.0,66.91958333333332
631,46858.8,6577,2018-11-15T06:26:51Z,137.7,758.0,4128.0,1691.0,0.0,0.0,71.80416666666666
632,52230.6,6380,2018-11-14T06:30:32Z,146.6,215.0,4126.0,1228.0,811.0,0.0,72.60374999999999
634,24266.5,3553,2018-11-13T06:21:41Z,138.1,204.0,2993.0,356.0,0.0,0.0,
635,11215.6,1626,2018-11-04T09:50:13Z,149.9,0.0,768.0,858.0,0.0,0.0,
636,75299.5,7034,2018-11-04T06:17:24Z,168.1,0.0,1006.0,2511.0,3423.0,94.0,
637,447.1,89,2018-11-04T06:15:21Z,156.5,0.0,33.0,48.0,8.0,0.0,
638,18394.8,2372,2018-11-02T06:30:20Z,146.0,132.0,1441.0,799.0,0.0,0.0,
639,47891.7,6075,2018-11-01T06:31:42Z,142.8,187.0,4141.0,1384.0,363.0,0.0,
640,23630.9,3216,2018-10-31T06:37:08Z,146.6,86.0,2076.0,852.0,202.0,0.0,
641,33657.0,4501,2018-10-27T10:30:11Z,144.9,81.0,2916.0,1431.0,73.0,0.0,
642,36268.5,4500,2018-10-25T20:13:41Z,147.2,306.0,1985.0,2182.0,27.0,0.0,
643,31028.9,3901,2018-10-20T19:10:51Z,157.1,38.0,1567.0,1201.0,1095.0,0.0,
644,28164.0,3600,2018-10-18T10:37:01Z,148.1,134.0,2536.0,756.0,174.0,0.0,
645,26464.9,3601,2018-10-17T18:40:35Z,141.5,104.0,3329.0,168.0,0.0,0.0,
646,27315.1,3600,2018-10-10T18:28:00Z,147.6,83.0,2310.0,1207.0,0.0,0.0,
647,28888.4,3600,2018-10-07T10:39:39Z,158.4,191.0,765.0,1563.0,1080.0,1.0,
648,29798.7,3600,2018-10-04T19:10:14Z,156.4,68.0,1126.0,2206.0,200.0,0.0,
649,15333.8,1653,2018-10-02T08:48:36Z,156.3,0.0,840.0,246.0,567.0,0.0,
650,14471.0,1622,2018-10-02T06:35:01Z,178.4,0.0,24.0,106.0,1492.0,0.0,
651,38664.6,4983,2018-09-29T06:30:29Z,143.6,223.0,2942.0,1720.0,98.0,0.0,
652,25999.3,3601,2018-09-27T09:24:11Z,149.1,255.0,1762.0,1299.0,285.0,0.0,
692,1352.2,600,2018-06-27T22:23:49Z,74.4,600.0,0.0,0.0,0.0,0.0,0.0
694,68015.0,7319,2018-06-23T06:00:58Z,149.9,233.0,3399.0,3158.0,529.0,0.0,102.62533333333333
696,49196.2,6344,2018-06-19T05:56:28Z,146.9,249.0,3735.0,1643.0,717.0,0.0,115.964125
697,63551.7,6992,2018-06-15T06:00:42Z,151.8,285.0,2777.0,3144.0,786.0,0.0,111.36533333333334
698,33440.0,6483,2018-06-13T06:01:15Z,137.8,812.0,3840.0,1495.0,336.0,0.0,113.06899999999999
699,63432.8,6728,2018-06-10T05:55:37Z,162.8,200.0,787.0,2973.0,2762.0,6.0,158.7204583333333
700,36971.2,6568,2018-06-06T06:02:03Z,135.7,1163.0,3824.0,1447.0,134.0,0.0,109.44158333333333
701,62730.3,8563,2018-06-03T06:00:12Z,143.6,380.0,5427.0,2047.0,709.0,0.0,101.70145833333332
702,24641.6,3601,2018-05-30T18:04:50Z,143.1,307.0,2014.0,964.0,316.0,0.0,151.7023333333333
703,10727.7,1879,2018-05-28T17:10:54Z,124.7,585.0,1294.0,0.0,0.0,0.0,138.19966666666664
704,84708.1,13330,2018-05-27T05:53:41Z,143.8,363.0,9330.0,2876.0,761.0,0.0,110.32587499999998
705,22311.2,2700,2018-05-25T11:43:47Z,161.6,126.0,700.0,652.0,1222.0,0.0,173.994875
706,22250.4,2700,2018-05-24T16:51:29Z,152.4,290.0,519.0,1468.0,423.0,0.0,140.92141666666666
707,14969.6,1801,2018-05-22T18:31:47Z,159.3,168.0,294.0,641.0,698.0,0.0,170.32866666666663
709,11068.7,1200,2018-05-18T16:15:40Z,172.5,11.0,71.0,171.0,947.0,0.0,219.81495833333332
710,23315.2,2700,2018-05-16T10:26:30Z,160.6,188.0,383.0,1116.0,1013.0,0.0,189.07691666666665
711,20748.7,2701,2018-05-14T17:26:59Z,156.0,167.0,941.0,613.0,980.0,0.0,156.58454166666664
712,21282.3,2700,2018-05-13T14:28:07Z,148.1,259.0,1179.0,869.0,393.0,0.0,137.59325
713,12280.4,1896,2018-05-12T17:44:45Z,133.4,620.0,815.0,309.0,152.0,0.0,120.71729166666667
714,24279.5,3600,2018-05-08T18:52:36Z,123.2,305.0,3295.0,0.0,0.0,0.0,102.06958333333333
715,27569.0,3601,2018-05-07T18:30:35Z,152.0,109.0,1822.0,564.0,1106.0,0.0,135.68374999999997
716,24507.3,3601,2018-05-06T18:45:23Z,132.1,165.0,3420.0,16.0,0.0,0.0,112.71274999999999
717,31653.6,3600,2018-05-05T17:57:53Z,157.0,434.0,405.0,1756.0,1005.0,0.0,136.39149999999998
718,27718.1,3600,2018-05-04T18:02:44Z,157.3,234.0,1136.0,859.0,1371.0,0.0,124.02645833333334
719,23232.0,3600,2018-05-03T18:59:29Z,123.8,399.0,3201.0,0.0,0.0,0.0,99.27974999999999
720,8598.7,1109,2018-05-01T08:49:45Z,133.4,47.0,1031.0,31.0,0.0,0.0,0.0
721,55403.8,6630,2018-05-01T06:04:43Z,164.6,0.0,1188.0,3214.0,2228.0,0.0,153.81370833333332
722,10978.4,1664,2018-04-28T07:07:27Z,134.1,53.0,1561.0,50.0,0.0,0.0,117.441375
723,35405.4,4060,2018-04-28T05:59:21Z,155.6,172.0,1658.0,827.0,1403.0,0.0,141.1035
724,23090.1,4257,2018-04-26T06:01:51Z,141.8,336.0,2566.0,572.0,783.0,0.0,112.02320833333333
725,43417.3,6335,2018-04-25T05:57:23Z,133.3,952.0,4280.0,617.0,486.0,0.0,106.13558333333333
726,41023.3,5234,2018-04-24T05:55:39Z,130.5,252.0,4882.0,100.0,0.0,0.0,107.12516666666666
727,125103.0,15250,2018-04-22T05:53:30Z,157.3,138.0,4900.0,7367.0,2717.0,128.0,129.4224583333333
728,45005.4,5042,2018-04-18T17:57:43Z,163.7,78.0,1082.0,586.0,3296.0,0.0,154.21112499999998
729,27935.0,3601,2018-04-17T17:39:08Z,153.3,134.0,1612.0,713.0,1142.0,0.0,139.12354166666665
730,14167.7,1860,2018-04-13T09:18:16Z,143.7,161.0,990.0,504.0,205.0,0.0,173.60141666666667
731,28459.0,3601,2018-04-12T09:31:20Z,143.7,392.0,2097.0,1112.0,0.0,0.0,137.68429166666667
732,28111.4,3601,2018-04-11T08:33:22Z,150.6,168.0,1679.0,841.0,913.0,0.0,123.18254166666665
733,27125.3,3601,2018-04-10T10:20:08Z,151.6,94.0,1961.0,269.0,1248.0,29.0,129.648875
734,48361.4,5088,2018-04-08T06:21:15Z,151.1,114.0,2597.0,1999.0,378.0,0.0,147.746375
735,20852.2,2400,2018-04-06T10:08:55Z,158.9,70.0,543.0,1022.0,765.0,0.0,198.34258333333332
736,28988.2,3601,2018-04-05T10:13:36Z,152.0,229.0,804.0,2445.0,123.0,0.0,163.54725
737,11773.3,1500,2018-04-04T10:18:31Z,153.2,168.0,423.0,488.0,421.0,0.0,194.91783333333333
738,63431.3,6768,2018-04-01T06:30:42Z,151.4,91.0,2838.0,3819.0,20.0,0.0,151.64612499999998
739,35721.2,4500,2018-03-31T07:52:41Z,145.4,275.0,3247.0,978.0,0.0,0.0,133.2755
740,40164.6,4801,2018-03-30T10:30:32Z,148.4,347.0,2198.0,2197.0,59.0,0.0,148.70904166666665
741,36558.1,4501,2018-03-29T10:14:19Z,144.4,271.0,3443.0,787.0,0.0,0.0,145.54475
742,40669.3,4501,2018-03-28T10:31:30Z,149.0,188.0,2335.0,1968.0,10.0,0.0,145.25104166666668
743,37512.3,4500,2018-03-27T09:37:42Z,149.4,188.0,1336.0,2976.0,0.0,0.0,142.82695833333332
744,48563.9,5401,2018-03-26T08:48:48Z,159.6,190.0,1255.0,2079.0,1877.0,0.0,129.95604166666664
745,48195.1,5252,2018-03-25T06:19:24Z,139.4,158.0,4840.0,254.0,0.0,0.0,121.33004166666666
746,33744.0,3901,2018-03-24T07:25:12Z,161.9,282.0,887.0,352.0,2373.0,7.0,124.42941666666665
747,29998.0,3600,2018-03-22T09:45:18Z,145.7,195.0,2132.0,1273.0,0.0,0.0,149.38116666666667
748,32086.6,3601,2018-03-21T09:59:07Z,162.5,98.0,1048.0,415.0,2040.0,0.0,145.28270833333335
749,31173.4,3600,2018-03-20T10:37:09Z,155.5,216.0,1014.0,1568.0,802.0,0.0,124.96854166666665
750,4318.3,758,2018-03-18T10:20:35Z,151.4,0.0,394.0,348.0,16.0,0.0,0.0
751,6454.2,1058,2018-03-18T08:36:33Z,129.8,0.0,1058.0,0.0,0.0,0.0,0.0
752,37267.0,3958,2018-03-18T07:27:20Z,177.1,1.0,40.0,427.0,3444.0,46.0,226.9019583333333
753,10175.5,1669,2018-03-18T06:16:31Z,131.5,242.0,1196.0,183.0,48.0,0.0,34.263333333333335
754,27406.3,3601,2018-03-16T10:29:56Z,156.9,233.0,1224.0,919.0,1225.0,0.0,128.67749999999998
755,26648.4,3601,2018-03-14T10:20:38Z,156.5,153.0,1344.0,1106.0,932.0,66.0,129.17704166666667
756,29591.5,3601,2018-03-13T10:26:20Z,154.2,193.0,1215.0,1221.0,972.0,0.0,130.74295833333332
757,13620.6,2170,2018-03-11T11:20:35Z,143.9,0.0,1650.0,520.0,0.0,0.0,107.33258333333333
758,29411.4,2902,2018-03-11T10:02:49Z,166.0,0.0,306.0,1515.0,1081.0,0.0,171.0443333333333
759,1596.2,209,2018-03-11T08:21:45Z,124.9,0.0,209.0,0.0,0.0,0.0,0.0
760,19812.8,2287,2018-03-11T07:25:11Z,172.5,0.0,73.0,760.0,1446.0,8.0,208.47116666666665
761,22679.1,2071,2018-03-11T06:32:57Z,172.3,0.0,0.0,801.0,1270.0,0.0,174.26008333333334
762,2430.8,524,2018-03-11T05:59:11Z,133.8,59.0,381.0,84.0,0.0,0.0,25.563305679642628
763,24541.3,3301,2018-03-10T09:57:10Z,152.1,318.0,1148.0,1076.0,759.0,0.0,113.802875
764,27868.8,3601,2018-03-07T16:46:46Z,155.8,231.0,1329.0,994.0,993.0,54.0,131.14354166666664
767,32752.6,3601,2018-02-27T17:02:40Z,156.7,176.0,1475.0,576.0,1374.0,0.0,148.54358333333334
768,96070.8,12218,2018-02-25T06:28:33Z,149.9,306.0,7004.0,4277.0,631.0,0.0,142.30287499999997
769,30600.0,3601,2018-02-23T16:47:58Z,161.5,77.0,688.0,1686.0,1150.0,0.0,154.65366666666665
770,31126.1,3601,2018-02-21T16:51:23Z,157.0,157.0,1214.0,1037.0,1191.0,2.0,132.8947083333333
771,29562.1,3601,2018-02-20T15:28:29Z,157.7,147.0,820.0,1863.0,771.0,0.0,172.368
772,82663.1,10801,2018-02-18T16:45:06Z,136.6,430.0,9922.0,449.0,0.0,0.0,101.56845833333334
774,47994.3,5295,2018-02-15T06:47:38Z,154.2,100.0,2103.0,2760.0,317.0,15.0,128.09879166666667
775,48251.6,5362,2018-02-13T06:50:19Z,150.5,101.0,3017.0,2107.0,137.0,0.0,140.53033333333335
776,115506.0,11955,2018-02-11T06:35:34Z,143.1,1877.0,3413.0,6505.0,160.0,0.0,133.82333333333332
777,53665.5,7451,2018-02-10T13:04:38Z,128.2,239.0,7212.0,0.0,0.0,0.0,104.04320833333333
778,23746.6,3000,2018-02-04T08:58:36Z,155.0,190.0,1350.0,283.0,1119.0,58.0,113.77516666666666
779,15844.3,2265,2018-02-03T11:04:14Z,150.0,278.0,1037.0,515.0,259.0,176.0,117.97179166666666
780,23209.9,2701,2018-02-01T09:24:33Z,159.8,232.0,637.0,671.0,1093.0,68.0,165.14245833333334
781,23659.6,2701,2018-01-30T08:28:05Z,157.8,210.0,634.0,980.0,877.0,0.0,161.14216666666667
782,27104.0,3001,2018-01-28T20:11:13Z,166.4,174.0,509.0,421.0,1878.0,19.0,178.6855
783,47931.7,5090,2018-01-27T06:49:26Z,161.9,117.0,541.0,3833.0,599.0,0.0,156.685875
784,41648.1,5400,2018-01-25T08:42:44Z,146.7,262.0,3287.0,693.0,1158.0,0.0,93.85604166666667
785,21757.9,2700,2018-01-23T09:18:46Z,144.4,251.0,1454.0,995.0,0.0,0.0,114.96187499999999
786,115462.0,12005,2018-01-21T06:26:20Z,156.8,131.0,3209.0,7580.0,1085.0,0.0,114.80512499999999
787,22492.6,2701,2018-01-19T09:18:52Z,156.6,329.0,790.0,352.0,1220.0,10.0,134.45429166666665
788,19343.7,2747,2018-01-18T08:42:07Z,134.1,512.0,2020.0,215.0,0.0,0.0,102.75120833333332
789,22486.3,2700,2018-01-17T08:18:12Z,153.5,348.0,491.0,1305.0,556.0,0.0,144.438
790,84119.6,10800,2018-01-14T12:55:43Z,144.4,540.0,8640.0,1077.0,543.0,0.0,81.34770833333333
791,24856.5,3000,2018-01-12T07:51:36Z,158.4,252.0,475.0,1249.0,1024.0,0.0,145.11883333333333
792,20087.7,2701,2018-01-11T08:37:16Z,148.8,454.0,863.0,710.0,656.0,18.0,124.65820833333332
793,37745.0,5401,2018-01-10T08:33:06Z,126.8,599.0,4802.0,0.0,0.0,0.0,71.584875
794,26117.3,3600,2018-01-07T16:26:12Z,129.8,282.0,3318.0,0.0,0.0,0.0,110.9695
795,26655.4,3600,2018-01-06T18:07:21Z,162.6,312.0,1144.0,543.0,996.0,605.0,88.75295833333332
796,21533.4,3000,2018-01-04T19:43:54Z,146.5,516.0,1070.0,574.0,838.0,2.0,89.27229166666666
797,18733.7,2701,2018-01-03T19:40:24Z,142.9,675.0,790.0,978.0,258.0,0.0,89.04983333333332
798,18579.9,2701,2018-01-02T19:53:30Z,140.0,252.0,1796.0,576.0,77.0,0.0,89.77025
799,47845.7,5876,2017-12-29T06:28:23Z,145.7,58.0,4173.0,1490.0,155.0,0.0,92.750875
800,43207.4,7136,2017-12-26T07:03:34Z,133.9,705.0,5902.0,286.0,243.0,0.0,91.66945833333334
801,102725.0,13862,2017-12-22T06:40:27Z,154.0,97.0,5639.0,7065.0,1061.0,0.0,127.69741666666665
802,16671.8,3177,2017-12-21T06:22:40Z,123.6,502.0,2675.0,0.0,0.0,0.0,52.69175
803,80588.4,10883,2017-12-20T06:50:27Z,158.3,17.0,2615.0,7371.0,880.0,0.0,117.53954166666665
804,59456.7,8291,2017-12-19T06:48:19Z,150.9,16.0,4472.0,3754.0,49.0,0.0,134.49624999999997
805,21129.4,2364,2017-12-18T08:37:55Z,158.7,0.0,581.0,1378.0,403.0,2.0,155.39308333333332
806,27602.0,4112,2017-12-18T06:33:01Z,163.2,12.0,589.0,2656.0,855.0,0.0,166.76379166666666
807,40528.3,4956,2017-12-17T06:24:41Z,145.5,283.0,3435.0,836.0,402.0,0.0,73.53395833333333
809,14153.3,1801,2017-12-02T08:05:56Z,151.1,112.0,808.0,531.0,350.0,0.0,167.235625
810,77503.9,10829,2017-12-01T06:05:09Z,126.7,722.0,10107.0,0.0,0.0,0.0,77.95620833333334
811,29257.0,3601,2017-11-26T09:35:39Z,156.0,268.0,1261.0,384.0,1688.0,0.0,107.66666666666666
812,58475.9,7201,2017-11-23T09:35:08Z,143.3,891.0,1805.0,4505.0,0.0,0.0,80.87508333333332
813,43337.5,5401,2017-11-22T10:42:56Z,142.8,441.0,2808.0,2095.0,57.0,0.0,103.88408333333334
814,41599.6,5401,2017-11-21T07:14:46Z,148.9,424.0,2508.0,317.0,2152.0,0.0,78.681375
815,89904.2,9821,2017-11-19T06:21:05Z,147.8,247.0,5495.0,3707.0,372.0,0.0,103.74475
816,48216.6,5302,2017-11-18T06:23:59Z,157.6,111.0,2252.0,796.0,2143.0,0.0,107.54475
817,49356.3,7241,2017-11-17T06:21:15Z,145.2,346.0,4180.0,2601.0,114.0,0.0,119.09041666666666
818,48193.6,5406,2017-11-16T06:29:41Z,154.7,196.0,2474.0,1193.0,1513.0,30.0,105.98912499999999
819,45634.2,5101,2017-11-12T16:24:57Z,166.7,289.0,805.0,316.0,3691.0,0.0,128.12491666666668
821,28463.2,3601,2017-11-07T11:08:57Z,149.9,651.0,719.0,1433.0,798.0,0.0,107.80283333333334
822,28385.8,3601,2017-11-02T10:53:34Z,152.9,302.0,1178.0,901.0,1220.0,0.0,149.15395833333332
823,32050.3,3600,2017-11-01T09:28:45Z,155.5,95.0,823.0,2432.0,250.0,0.0,174.32183333333333
824,28594.0,3601,2017-10-31T11:54:35Z,156.5,410.0,860.0,482.0,1849.0,0.0,124.51808333333332
825,31859.1,3602,2017-10-29T09:15:32Z,162.9,232.0,812.0,434.0,2124.0,0.0,150.81725
826,30501.3,3601,2017-10-28T11:10:58Z,154.5,330.0,986.0,1430.0,855.0,0.0,164.33970833333333
827,27809.1,3601,2017-10-27T10:28:59Z,151.2,477.0,1124.0,740.0,1260.0,0.0,116.19766666666666
828,30989.8,3600,2017-10-25T11:16:00Z,153.3,480.0,693.0,1611.0,816.0,0.0,122.23729166666665
829,27919.2,3601,2017-10-24T13:18:21Z,150.0,336.0,1632.0,415.0,1190.0,28.0,120.06891666666667
831,32265.4,3600,2017-10-21T17:24:05Z,156.8,326.0,831.0,1292.0,1043.0,108.0,159.16537499999998
832,29302.2,3601,2017-10-20T12:05:34Z,151.5,110.0,1821.0,681.0,989.0,0.0,161.70504166666666
833,32031.6,3476,2017-10-15T14:02:57Z,160.2,132.0,719.0,1648.0,966.0,11.0,190.5929583333333
834,26512.1,4896,2017-10-13T06:15:10Z,115.5,3079.0,1505.0,234.0,78.0,0.0,53.26570833333333
835,22167.2,2405,2017-10-10T19:39:23Z,159.4,117.0,750.0,447.0,1091.0,0.0,
836,110752.0,11526,2017-10-08T06:12:24Z,153.7,260.0,4868.0,4327.0,2039.0,32.0,115.976
837,31879.1,3600,2017-10-07T11:31:46Z,160.4,283.0,448.0,1359.0,1510.0,0.0,
838,31514.3,3763,2017-10-06T07:37:44Z,150.5,367.0,1300.0,1505.0,591.0,0.0,
839,21398.1,2623,2017-10-04T10:29:37Z,143.0,348.0,938.0,1324.0,13.0,0.0,
840,114969.0,11967,2017-10-01T06:09:16Z,149.1,372.0,6059.0,5389.0,147.0,0.0,110.140625
841,22673.7,2700,2017-09-30T11:54:11Z,151.6,418.0,761.0,588.0,933.0,0.0,
842,49322.1,6430,2017-09-29T06:14:08Z,142.8,287.0,4782.0,1066.0,295.0,0.0,120.37291666666665
843,24565.6,2851,2017-09-27T08:15:18Z,150.7,413.0,537.0,970.0,931.0,0.0,
844,19898.9,2550,2017-09-26T09:06:49Z,147.2,244.0,1276.0,873.0,157.0,0.0,
845,5788.6,1049,2017-09-24T07:56:30Z,126.6,28.0,1021.0,0.0,0.0,0.0,0.0
846,70329.9,6344,2017-09-24T06:06:04Z,170.2,0.0,31.0,3674.0,2533.0,106.0,190.51933333333332
847,55070.2,7200,2017-09-21T11:40:24Z,148.7,458.0,4280.0,1469.0,978.0,15.0,
848,53065.2,5913,2017-09-17T08:46:03Z,150.5,12.0,3373.0,2186.0,335.0,7.0,121.90716666666665
849,25808.1,2079,2017-09-17T07:07:59Z,177.7,0.0,16.0,167.0,1896.0,0.0,220.85441666666665
850,1789.2,387,2017-09-17T06:37:21Z,121.5,111.0,276.0,0.0,0.0,0.0,0.0
858,137140.0,18000,2017-09-03T06:10:31Z,130.3,2735.0,13529.0,1549.0,187.0,0.0,
859,45001.3,5483,2017-08-31T10:41:17Z,135.9,323.0,5160.0,0.0,0.0,0.0,
860,28964.5,3600,2017-08-30T08:49:02Z,133.0,524.0,3076.0,0.0,0.0,0.0,
861,34887.6,4501,2017-08-29T08:21:13Z,147.0,307.0,2229.0,1230.0,735.0,0.0,
862,22289.7,3651,2017-08-23T06:07:34Z,117.9,1175.0,2476.0,0.0,0.0,0.0,
863,1140.1,262,2017-08-21T15:09:08Z,130.0,15.0,247.0,0.0,0.0,0.0,
864,33787.4,3111,2017-08-21T14:13:08Z,180.4,0.0,14.0,41.0,3056.0,0.0,
865,3440.2,701,2017-08-21T13:32:18Z,135.1,63.0,595.0,43.0,0.0,0.0,
866,22360.9,3714,2017-08-18T06:11:40Z,117.4,1251.0,2463.0,0.0,0.0,0.0,
867,63307.0,6632,2017-08-17T06:24:39Z,150.4,467.0,2501.0,2435.0,1229.0,0.0,
868,19755.6,3170,2017-08-16T06:18:33Z,123.3,436.0,2734.0,0.0,0.0,0.0,
869,47830.4,5288,2017-08-15T06:21:04Z,146.0,319.0,2468.0,1792.0,709.0,0.0,
870,8963.5,1436,2017-08-13T06:27:59Z,114.1,831.0,591.0,14.0,0.0,0.0,86.71441666666666
871,80960.5,12431,2017-08-12T06:11:42Z,138.3,1551.0,7385.0,2626.0,869.0,0.0,103.42016666666666
872,7065.7,1128,2017-08-10T11:07:22Z,128.3,153.0,950.0,25.0,0.0,0.0,0.0
873,20086.6,2050,2017-08-10T08:12:34Z,181.4,13.0,18.0,100.0,1913.0,6.0,250.49916666666667
874,1922.7,462,2017-08-10T07:47:55Z,111.9,309.0,153.0,0.0,0.0,0.0,0.0
875,12889.8,1801,2017-08-10T06:38:00Z,125.7,480.0,1262.0,59.0,0.0,0.0,121.96337499999998
876,45070.6,5358,2017-08-08T06:07:52Z,143.9,363.0,3385.0,1185.0,425.0,0.0,106.141125
877,22249.4,3630,2017-08-07T06:21:11Z,120.4,841.0,2789.0,0.0,0.0,0.0,97.18737499999999
878,68827.3,8011,2017-08-06T06:22:16Z,152.6,307.0,3421.0,2167.0,2116.0,0.0,124.45158333333333
879,22287.7,3600,2017-08-04T07:55:13Z,122.7,326.0,3274.0,0.0,0.0,0.0,84.747125
880,38589.6,4500,2017-08-03T09:57:17Z,157.8,155.0,1556.0,712.0,2077.0,0.0,129.63145833333334
881,38201.9,4500,2017-08-02T08:54:01Z,154.9,236.0,1543.0,1373.0,1348.0,0.0,129.0195
882,13889.5,1956,2017-08-01T09:25:28Z,132.8,619.0,704.0,598.0,35.0,0.0,113.51233333333333
883,22546.3,3601,2017-07-31T07:37:32Z,118.5,348.0,3253.0,0.0,0.0,0.0,87.61375
884,60724.8,7200,2017-07-30T14:00:58Z,147.1,312.0,4223.0,1278.0,1387.0,0.0,139.15283333333332
885,37559.4,4501,2017-07-29T09:06:50Z,144.6,655.0,448.0,3398.0,0.0,0.0,130.17454166666667
886,22830.7,3600,2017-07-28T08:52:21Z,122.0,420.0,3180.0,0.0,0.0,0.0,74.344625
887,43162.6,5100,2017-07-27T11:20:19Z,152.4,294.0,2061.0,858.0,1887.0,0.0,131.79983333333334
888,23574.1,3600,2017-07-26T09:23:53Z,124.4,449.0,3151.0,0.0,0.0,0.0,83.80741666666667
889,31529.9,3900,2017-07-25T08:51:18Z,154.9,308.0,1380.0,793.0,1419.0,0.0,129.56337499999998
890,23187.8,3600,2017-07-24T08:15:29Z,124.9,218.0,3382.0,0.0,0.0,0.0,92.062125
891,33284.0,4200,2017-07-23T08:34:39Z,156.3,159.0,1812.0,458.0,1771.0,0.0,123.70425
892,35209.4,4547,2017-07-22T09:39:10Z,144.4,403.0,2958.0,681.0,505.0,0.0,111.26875
893,11209.7,1800,2017-07-21T10:01:34Z,125.5,362.0,1438.0,0.0,0.0,0.0,96.223125
894,35188.8,4501,2017-07-20T10:57:35Z,162.4,218.0,1264.0,629.0,2310.0,80.0,119.37779166666665
895,11500.6,2101,2017-07-18T10:39:54Z,119.5,469.0,1632.0,0.0,0.0,0.0,71.59991666666667
896,2233.1,474,2017-07-16T11:15:20Z,117.7,116.0,358.0,0.0,0.0,0.0,0.0
897,134002.0,14798,2017-07-16T07:04:50Z,152.0,7.0,7800.0,5311.0,1680.0,0.0,151.78941666666665
898,9108.1,1650,2017-07-16T05:47:07Z,131.1,85.0,1560.0,5.0,0.0,0.0,62.62716666666666
899,10278.8,1990,2017-07-15T17:41:28Z,126.3,373.0,1564.0,53.0,0.0,0.0,54.28220833333333
900,35850.5,4800,2017-07-12T08:32:47Z,147.0,388.0,2344.0,944.0,1124.0,0.0,106.08966666666666
901,56683.8,7206,2017-07-10T08:17:45Z,140.6,390.0,4393.0,2423.0,0.0,0.0,91.625125
902,113762.0,14401,2017-07-06T06:32:55Z,144.0,529.0,9775.0,3511.0,586.0,0.0,93.24804166666667
903,3818.1,900,2017-07-02T08:04:32Z,110.1,581.0,319.0,0.0,0.0,0.0,0.0
904,48875.0,7454,2017-07-01T09:33:45Z,126.9,1974.0,4235.0,1234.0,11.0,0.0,90.36954166666666
905,110290.0,14781,2017-06-29T07:24:27Z,142.9,827.0,10005.0,3753.0,196.0,0.0,89.891375
906,49275.1,7200,2017-06-28T08:56:54Z,134.9,424.0,5187.0,1471.0,118.0,0.0,75.03337499999999
907,102909.0,12601,2017-06-25T06:30:28Z,143.7,507.0,8954.0,3128.0,12.0,0.0,110.82066666666667
908,54770.1,7074,2017-06-24T06:09:09Z,138.8,405.0,5079.0,1326.0,264.0,0.0,106.01841666666665
909,117955.0,13825,2017-06-22T06:07:42Z,144.7,348.0,9224.0,4253.0,0.0,0.0,100.81954166666667
910,46174.1,5847,2017-06-21T06:00:41Z,136.9,526.0,3844.0,1247.0,230.0,0.0,98.29491666666667
911,22326.1,3798,2017-06-20T05:55:48Z,112.5,2398.0,1400.0,0.0,0.0,0.0,81.45379166666666
912,114868.0,12535,2017-06-18T05:53:06Z,146.8,335.0,7899.0,3917.0,384.0,0.0,97.76529166666666
913,57103.5,7478,2017-06-17T06:06:01Z,135.9,595.0,5235.0,1486.0,162.0,0.0,115.451125
914,32283.1,4200,2017-06-15T06:32:42Z,142.1,524.0,2034.0,1069.0,573.0,0.0,112.138
915,32311.9,4200,2017-06-14T11:08:22Z,144.5,441.0,2016.0,1372.0,371.0,0.0,116.71145833333333
916,23648.5,3600,2017-06-13T12:01:41Z,120.8,157.0,3443.0,0.0,0.0,0.0,111.33208333333333
917,45020.2,5401,2017-06-12T12:08:35Z,160.6,251.0,1326.0,893.0,2931.0,0.0,140.47808333333333
918,59704.7,7801,2017-06-09T11:54:58Z,137.3,336.0,5948.0,1517.0,0.0,0.0,125.73804166666665
919,128662.0,17292,2017-06-08T05:34:07Z,138.8,464.0,15921.0,846.0,61.0,0.0,96.77491666666667
920,33394.1,4200,2017-06-07T11:33:54Z,139.5,307.0,2551.0,1209.0,133.0,0.0,134.6474583333333
921,22490.2,3806,2017-06-06T06:01:37Z,116.2,1505.0,2301.0,0.0,0.0,0.0,87.31370833333332
922,141910.0,17355,2017-06-05T05:56:05Z,143.0,204.0,15599.0,1552.0,0.0,0.0,122.39404166666667
923,61247.0,7706,2017-06-03T05:34:41Z,140.8,319.0,5739.0,1265.0,383.0,0.0,104.74066666666666
924,22405.3,4147,2017-06-02T05:55:01Z,109.0,3168.0,979.0,0.0,0.0,0.0,57.397416666666665
925,52314.9,8506,2017-06-01T05:53:13Z,118.5,3021.0,5485.0,0.0,0.0,0.0,85.350375
926,115294.0,12947,2017-05-31T06:06:28Z,141.8,296.0,10708.0,1927.0,16.0,0.0,118.239375
927,33992.7,4979,2017-05-30T05:46:54Z,133.0,672.0,4136.0,171.0,0.0,0.0,93.84733333333332
928,115331.0,13438,2017-05-29T06:01:09Z,145.4,131.0,11496.0,1811.0,0.0,0.0,131.271
929,32594.8,5661,2017-05-27T06:05:41Z,116.9,2420.0,3241.0,0.0,0.0,0.0,100.26616666666666
930,46188.2,5397,2017-05-26T06:07:54Z,147.4,190.0,3606.0,951.0,650.0,0.0,148.88004166666667
931,40677.3,4502,2017-05-24T06:28:07Z,159.4,259.0,593.0,2986.0,664.0,0.0,163.6945
932,39252.3,4561,2017-05-22T06:53:26Z,148.4,317.0,2161.0,1917.0,166.0,0.0,151.92954166666667
933,37016.1,4504,2017-05-21T06:45:51Z,151.1,333.0,1825.0,1120.0,1226.0,0.0,139.4125
934,18552.4,2130,2017-05-19T06:17:34Z,158.9,99.0,525.0,407.0,1099.0,0.0,210.51762499999998
935,16242.6,2700,2017-05-18T06:14:48Z,116.5,678.0,2022.0,0.0,0.0,0.0,89.84308333333334
936,36794.4,4500,2017-05-17T06:29:02Z,140.8,406.0,4094.0,0.0,0.0,0.0,146.79004166666667
937,40098.2,4501,2017-05-16T06:43:45Z,153.7,225.0,930.0,3276.0,70.0,0.0,166.390125
938,39903.7,4547,2017-05-15T07:23:31Z,150.2,242.0,1857.0,2389.0,59.0,0.0,166.58645833333333
939,14960.0,2041,2017-05-14T14:31:14Z,131.3,96.0,1945.0,0.0,0.0,0.0,129.53645833333331
940,60504.5,7200,2017-05-13T06:50:34Z,141.6,407.0,5621.0,1171.0,1.0,0.0,132.337375
941,31941.2,3601,2017-05-12T07:02:38Z,154.4,286.0,626.0,2361.0,328.0,0.0,158.43229166666666
942,33034.7,3900,2017-05-11T07:01:18Z,146.7,267.0,2337.0,1285.0,11.0,0.0,149.17770833333333
943,30966.4,3600,2017-05-10T07:14:34Z,154.8,333.0,825.0,1589.0,853.0,0.0,152.81304166666663
944,20264.0,2550,2017-05-08T07:00:54Z,141.4,312.0,1282.0,767.0,189.0,0.0,133.91041666666666
945,15881.6,2100,2017-05-07T14:56:59Z,135.5,292.0,1475.0,333.0,0.0,0.0,123.21341666666665
946,17437.3,2876,2017-05-06T07:14:01Z,131.2,569.0,1626.0,645.0,36.0,0.0,94.87016666666666
947,11568.0,1830,2017-05-05T07:37:37Z,136.4,304.0,940.0,494.0,92.0,0.0,105.52916666666665
948,10933.7,1529,2017-04-30T08:06:58Z,137.5,66.0,1312.0,151.0,0.0,0.0,142.50079166666666
949,21634.5,2225,2017-04-30T07:00:15Z,168.0,9.0,14.0,1531.0,671.0,0.0,216.56437499999998
950,20308.8,2626,2017-04-30T05:59:07Z,132.4,144.0,2367.0,115.0,0.0,0.0,120.34362499999999
951,23510.4,3601,2017-04-29T06:20:38Z,119.7,254.0,3347.0,0.0,0.0,0.0,97.98299999999999
952,23732.4,3600,2017-04-28T06:10:17Z,135.5,308.0,2654.0,298.0,340.0,0.0,125.09125
953,29815.3,4202,2017-04-27T06:36:09Z,139.8,784.0,2036.0,258.0,1124.0,0.0,111.09141666666666
954,18327.7,3018,2017-04-26T05:52:54Z,126.2,756.0,2053.0,166.0,43.0,0.0,88.390375
955,18280.5,3433,2017-04-25T05:48:43Z,104.6,3252.0,181.0,0.0,0.0,0.0,74.39212500000001
956,115257.0,11999,2017-04-23T05:51:35Z,146.0,571.0,7158.0,3878.0,392.0,0.0,102.30866666666665
957,87824.7,9876,2017-04-22T05:54:56Z,146.8,258.0,8224.0,1394.0,0.0,0.0,127.76391666666667
958,34230.8,5900,2017-04-21T05:49:43Z,108.6,5032.0,868.0,0.0,0.0,0.0,70.63883333333334
959,59971.6,7144,2017-04-20T05:54:54Z,144.4,215.0,5816.0,830.0,283.0,0.0,106.67233333333333
960,63526.4,7327,2017-04-19T05:56:09Z,145.3,219.0,5177.0,1931.0,0.0,0.0,100.96125
961,67995.7,7704,2017-04-18T05:56:39Z,140.8,357.0,7278.0,69.0,0.0,0.0,108.18362499999999
962,115095.0,12193,2017-04-16T05:55:14Z,146.0,258.0,8183.0,3648.0,104.0,0.0,118.85924999999999
963,84703.4,12464,2017-04-15T05:52:59Z,143.3,759.0,8406.0,2060.0,1239.0,0.0,99.38029166666666
964,18271.1,3567,2017-04-14T06:01:05Z,109.0,3093.0,474.0,0.0,0.0,0.0,71.95854166666666
965,59715.8,7142,2017-04-13T05:51:08Z,147.3,281.0,4622.0,1726.0,513.0,0.0,114.66420833333333
966,42049.8,6643,2017-04-12T05:49:00Z,111.9,4211.0,2432.0,0.0,0.0,0.0,114.57158333333334
967,58576.0,6985,2017-04-11T05:54:53Z,141.7,360.0,5106.0,1513.0,6.0,0.0,105.91075
968,115014.0,12203,2017-04-09T05:54:19Z,142.3,402.0,10290.0,1410.0,101.0,0.0,97.81041666666665
969,83597.3,11237,2017-04-08T06:08:54Z,149.3,475.0,5286.0,4865.0,611.0,0.0,132.874125
970,18227.6,3342,2017-04-07T06:01:22Z,113.9,1780.0,1562.0,0.0,0.0,0.0,69.34920833333334
971,49323.5,6028,2017-04-06T06:08:56Z,148.7,285.0,3331.0,2246.0,166.0,0.0,111.51020833333332
972,67972.4,7457,2017-04-05T06:21:33Z,143.7,242.0,7130.0,85.0,0.0,0.0,131.07229166666667
973,65563.4,7487,2017-04-04T06:09:58Z,140.6,280.0,7202.0,5.0,0.0,0.0,116.48504166666666
974,115194.0,11829,2017-04-02T06:09:38Z,144.4,423.0,8430.0,2925.0,51.0,0.0,105.04229166666667
975,83577.5,12116,2017-04-01T06:06:34Z,144.8,957.0,6722.0,3439.0,998.0,0.0,89.78370833333334
976,35749.2,4244,2017-03-30T06:12:55Z,139.4,306.0,3893.0,45.0,0.0,0.0,126.23441666666666
977,4493.6,967,2017-03-28T10:18:18Z,134.5,0.0,967.0,0.0,0.0,0.0,0.0
978,5748.5,876,2017-03-28T09:06:30Z,134.2,0.0,876.0,0.0,0.0,0.0,0.0
979,895.7,222,2017-03-28T08:55:14Z,135.6,0.0,222.0,0.0,0.0,0.0,0.0
980,37251.3,3803,2017-03-28T07:49:25Z,182.5,0.0,17.0,254.0,3130.0,402.0,214.398375
981,16350.5,3144,2017-03-28T05:51:53Z,119.1,1753.0,1183.0,157.0,51.0,0.0,32.320514449031435
982,49556.7,6001,2017-03-26T06:17:05Z,146.0,280.0,3329.0,1595.0,744.0,53.0,89.074375
983,18355.7,3314,2017-03-25T06:30:48Z,130.7,688.0,2104.0,437.0,85.0,0.0,65.10033333333334
984,18462.9,3356,2017-03-23T06:25:40Z,115.9,1369.0,1987.0,0.0,0.0,0.0,67.36766666666665
985,2863.3,517,2017-03-19T10:36:42Z,133.5,0.0,517.0,0.0,0.0,0.0,0.0
986,3915.9,852,2017-03-19T09:17:47Z,125.5,2.0,850.0,0.0,0.0,0.0,0.0
987,33670.8,2858,2017-03-19T08:17:40Z,179.3,0.0,20.0,53.0,2773.0,12.0,222.13691666666668
988,13361.8,2170,2017-03-19T07:21:32Z,138.7,92.0,1723.0,340.0,15.0,0.0,71.99970833333333
989,20696.7,3548,2017-03-18T16:43:35Z,120.5,761.0,2787.0,0.0,0.0,0.0,73.351875
990,18060.7,3022,2017-03-16T06:23:08Z,123.4,324.0,2698.0,0.0,0.0,0.0,90.52945833333334
991,63562.1,7113,2017-03-15T06:20:55Z,146.8,198.0,5133.0,936.0,846.0,0.0,121.402875
992,18312.1,2975,2017-03-14T06:21:00Z,122.4,390.0,2585.0,0.0,0.0,0.0,90.69095833333333
993,1087.9,251,2017-03-12T10:17:46Z,126.4,79.0,172.0,0.0,0.0,0.0,0.0
994,112357.0,11365,2017-03-12T06:32:29Z,149.9,9.0,6354.0,4864.0,138.0,0.0,130.7865
995,1366.1,368,2017-03-12T06:18:37Z,118.0,156.0,212.0,0.0,0.0,0.0,0.0
996,28331.8,3600,2017-03-10T12:32:19Z,150.2,129.0,1867.0,1382.0,222.0,0.0,155.21733333333333
997,30235.7,3602,2017-03-09T12:19:46Z,159.2,156.0,994.0,1036.0,1416.0,0.0,169.539375
998,27958.0,3601,2017-03-08T12:34:51Z,154.3,121.0,1298.0,1606.0,576.0,0.0,155.06454166666666
999,26174.9,3602,2017-03-07T12:40:04Z,150.7,177.0,1719.0,659.0,1047.0,0.0,138.61054166666665
1000,115496.0,12697,2017-03-05T06:27:05Z,143.3,237.0,10438.0,2022.0,0.0,0.0,102.7425
1001,101914.0,11000,2017-03-04T06:44:41Z,149.3,136.0,7044.0,3170.0,650.0,0.0,109.73291666666667
1002,18165.2,3618,2017-03-03T06:34:12Z,107.6,2996.0,622.0,0.0,0.0,0.0,58.60945833333333
1003,63211.4,7204,2017-03-02T06:33:14Z,145.7,195.0,4179.0,2821.0,9.0,0.0,109.65374999999999
1004,67593.8,7412,2017-03-01T06:25:54Z,146.3,141.0,6298.0,973.0,0.0,0.0,125.70558333333332
1005,0.0,1095,2017-02-28T16:15:25Z,118.9,431.0,664.0,0.0,0.0,0.0,0.0
1006,57503.8,6450,2017-02-28T06:31:06Z,148.3,95.0,4468.0,1127.0,760.0,0.0,103.48112499999999
1007,10271.9,1619,2017-02-26T09:01:47Z,138.3,0.0,1534.0,85.0,0.0,0.0,105.49908333333333
1008,27096.1,2420,2017-02-26T07:06:27Z,172.9,0.0,23.0,167.0,2230.0,0.0,218.3899583333333
1009,10942.3,1491,2017-02-26T06:22:50Z,142.1,92.0,1016.0,345.0,38.0,0.0,120.79724999999999
1010,63169.4,7483,2017-02-25T06:27:42Z,140.6,213.0,7268.0,2.0,0.0,0.0,123.04004166666667
1011,18095.6,2854,2017-02-24T06:32:15Z,130.2,221.0,2633.0,0.0,0.0,0.0,101.91679166666667
1012,49335.9,7163,2017-02-23T06:31:51Z,140.8,392.0,5106.0,1662.0,3.0,0.0,101.15204166666666
1013,17678.4,2608,2017-02-22T06:32:16Z,138.8,5.0,2050.0,378.0,175.0,0.0,98.52212499999999
1014,18114.9,2828,2017-02-19T06:26:21Z,130.1,217.0,2611.0,0.0,0.0,0.0,110.786625
1015,102508.0,15052,2017-02-18T06:43:46Z,148.2,108.0,8289.0,6324.0,331.0,0.0,118.78166666666667
1016,39775.2,7309,2017-02-16T06:34:22Z,142.0,1087.0,3290.0,1860.0,1072.0,0.0,103.89833333333333
1017,39942.4,6126,2017-02-15T06:36:34Z,143.0,558.0,3539.0,524.0,1505.0,0.0,99.34545833333333
1018,115438.0,12169,2017-02-12T06:34:43Z,145.0,308.0,8669.0,3143.0,49.0,0.0,108.02291666666666
1019,75518.1,10810,2017-02-11T06:33:17Z,143.9,537.0,6147.0,4075.0,51.0,0.0,88.43154166666666
1020,37741.8,6993,2017-02-09T06:37:31Z,139.4,1904.0,2248.0,2206.0,635.0,0.0,106.94229166666666
1021,39862.6,5935,2017-02-08T06:31:15Z,142.0,779.0,3011.0,846.0,1299.0,0.0,83.12025
1022,115161.0,12478,2017-02-05T06:38:18Z,147.0,391.0,6819.0,5268.0,0.0,0.0,99.861625
1023,83807.4,13067,2017-02-04T06:33:30Z,140.4,1071.0,8569.0,2211.0,1216.0,0.0,71.15895833333333
1024,18164.2,2728,2017-02-03T06:29:31Z,126.5,271.0,2457.0,0.0,0.0,0.0,101.49958333333333
1025,18066.8,2671,2017-02-02T06:29:01Z,130.9,204.0,2457.0,10.0,0.0,0.0,105.19033333333334
1026,50940.7,6566,2017-01-29T06:31:24Z,144.8,725.0,3542.0,630.0,1669.0,0.0,81.740375
1027,49394.3,7732,2017-01-27T06:35:23Z,130.0,1791.0,4368.0,1573.0,0.0,0.0,79.27037499999999
1028,37236.6,7121,2017-01-26T06:40:37Z,140.2,885.0,3499.0,2198.0,539.0,0.0,92.18562499999999
1029,20719.0,3372,2017-01-24T06:26:49Z,126.2,716.0,2385.0,122.0,149.0,0.0,85.887125
1031,90258.7,9450,2017-01-22T06:34:02Z,146.6,440.0,4937.0,3864.0,209.0,0.0,93.76341666666667
1032,86170.0,13472,2017-01-21T06:46:40Z,141.0,467.0,9498.0,3507.0,0.0,0.0,94.97466666666666
1033,41334.6,6540,2017-01-19T06:37:28Z,135.7,1367.0,3294.0,1429.0,450.0,0.0,82.53283333333333
1035,18285.1,3392,2017-01-16T06:31:56Z,110.5,2169.0,1223.0,0.0,0.0,0.0,52.43604166666666
1036,90289.5,9711,2017-01-15T06:31:37Z,148.8,585.0,3798.0,5149.0,179.0,0.0,86.77379166666667
1037,69504.0,10780,2017-01-14T06:40:44Z,135.8,1583.0,6534.0,2448.0,215.0,0.0,79.1635
1038,42170.1,6313,2017-01-12T06:33:37Z,136.1,857.0,4025.0,774.0,657.0,0.0,73.31941666666665
1040,18272.5,3043,2017-01-09T06:40:31Z,125.2,344.0,2582.0,64.0,53.0,0.0,82.49324999999999
1041,90638.2,10725,2017-01-08T06:24:00Z,146.9,1365.0,4845.0,4030.0,485.0,0.0,87.08016666666666
1042,49406.1,7940,2017-01-07T06:22:31Z,130.9,1682.0,4911.0,996.0,351.0,0.0,86.59804166666666
1043,35856.6,7068,2017-01-05T06:40:05Z,138.5,1179.0,3190.0,2636.0,63.0,0.0,94.84879166666667
1045,83873.9,14115,2016-12-31T06:22:03Z,138.8,1129.0,10057.0,1389.0,1540.0,0.0,75.94458333333333
1046,18263.6,3511,2016-12-30T06:39:46Z,109.4,3094.0,417.0,0.0,0.0,0.0,69.15208333333334
1048,18089.8,4462,2016-12-27T06:10:20Z,94.2,4406.0,56.0,0.0,0.0,0.0,21.556291666666667
1049,9278.6,1573,2016-12-25T09:04:52Z,128.9,110.0,1422.0,41.0,0.0,0.0,83.212875
1050,27132.6,2396,2016-12-25T07:00:46Z,180.0,0.0,18.0,304.0,2074.0,0.0,203.14008333333334
1051,11017.1,1898,2016-12-25T06:17:35Z,118.0,852.0,1046.0,0.0,0.0,0.0,43.42942722017867
1052,63560.5,7692,2016-12-24T06:31:08Z,137.8,200.0,7492.0,0.0,0.0,0.0,107.46558333333333
1053,62476.1,9827,2016-12-22T06:28:12Z,133.9,1688.0,5565.0,2199.0,375.0,0.0,71.91183333333333
1054,35766.0,7222,2016-12-21T06:34:06Z,134.1,2313.0,2540.0,2279.0,90.0,0.0,95.84075
1055,18166.9,3014,2016-12-20T06:30:46Z,123.9,280.0,2734.0,0.0,0.0,0.0,86.34866666666666
1056,106180.0,16985,2016-12-18T06:20:03Z,150.3,200.0,9510.0,4712.0,2563.0,0.0,88.93108333333333
1057,57116.0,8336,2016-12-16T06:14:12Z,137.4,1601.0,4289.0,1398.0,1048.0,0.0,65.0845
1058,38509.4,7478,2016-12-14T06:26:03Z,142.5,983.0,3432.0,1626.0,1437.0,0.0,88.88595833333333
1059,89834.0,9850,2016-12-11T06:17:17Z,152.3,328.0,3381.0,5593.0,548.0,0.0,87.12766666666667
1060,50539.8,7957,2016-12-10T06:24:24Z,143.7,560.0,4219.0,2688.0,490.0,0.0,86.61149999999999
1061,20715.9,3256,2016-12-08T06:13:02Z,139.1,222.0,2655.0,212.0,167.0,0.0,91.69479166666666
1062,39912.0,7716,2016-12-06T06:15:07Z,144.6,383.0,4201.0,2403.0,729.0,0.0,100.11020833333332
1063,42142.3,5580,2016-12-04T06:45:56Z,140.7,152.0,4173.0,61.0,1194.0,0.0,192.990125
1064,12551.0,1660,2016-12-04T06:17:58Z,132.1,179.0,1124.0,238.0,119.0,0.0,83.47931968693558
1065,65047.4,7919,2016-12-02T06:20:38Z,142.3,131.0,7443.0,120.0,225.0,0.0,114.45995833333333
1066,45816.0,5891,2016-11-30T06:21:23Z,145.0,153.0,3948.0,1402.0,388.0,0.0,82.56608333333332
1067,86466.9,11065,2016-11-27T06:12:38Z,155.4,170.0,5457.0,2293.0,3085.0,60.0,85.89583333333333
1068,22219.7,3783,2016-11-26T06:08:54Z,137.9,440.0,2799.0,326.0,218.0,0.0,91.53170833333333
1069,109926.0,12323,2016-11-20T06:27:03Z,154.3,410.0,2456.0,9415.0,42.0,0.0,117.25691666666665
1070,41662.6,4993,2016-11-19T06:28:30Z,153.3,210.0,2369.0,313.0,2101.0,0.0,90.18745833333334
1071,39843.0,5482,2016-11-15T06:26:51Z,141.8,325.0,3639.0,660.0,858.0,0.0,82.08
1072,90302.6,10529,2016-11-13T06:41:43Z,143.2,1344.0,4935.0,4223.0,27.0,0.0,90.40754166666667
1073,47207.5,6045,2016-11-12T06:27:49Z,149.0,387.0,3428.0,525.0,1680.0,25.0,
1074,20046.7,3595,2016-11-11T06:22:00Z,121.1,1063.0,2492.0,40.0,0.0,0.0,
1075,47707.5,6691,2016-11-08T06:06:54Z,139.3,351.0,5124.0,551.0,665.0,0.0,
1076,62546.3,7591,2016-11-06T06:19:23Z,147.2,0.0,5654.0,376.0,1561.0,0.0,
1155,13147.8,1276,2016-01-08T10:46:20Z,180.7,0.0,25.0,330.0,297.0,624.0,
1156,9152.3,2161,2016-01-08T09:03:04Z,113.6,1307.0,791.0,63.0,0.0,0.0,
1157,12141.7,1819,2016-01-08T06:57:19Z,138.4,122.0,1181.0,455.0,61.0,0.0,
1158,13008.3,1193,2016-01-07T11:23:18Z,186.7,0.0,12.0,16.0,698.0,467.0,
1159,13823.1,1872,2016-01-07T06:53:15Z,141.1,1.0,1706.0,165.0,0.0,0.0,
1160,6986.8,1239,2016-01-07T06:24:18Z,133.4,66.0,1173.0,0.0,0.0,0.0,
